user_id,age,gender,skill,path,ear_id,ear_view_pos,method,first_img,total_time,sam1_proposed_am,sam2_proposed_am,sam1_interactive_am,sam2_interactive_am,polygon_drawing_am,sam2_tracking_am,panorama_tracking_am,total_masks_am,sam1_proposed_sm,sam2_proposed_sm,sam1_interactive_sm,sam2_interactive_sm,poly_n,sam2_tracking_sm,panorama_tracking_sm,total_masks_sm,track_n,amg_n,inter_n,ds_per_mask,user_img,method_imgpos,method_imgpos_ear,ear_img,track_time,amg_time,inter_time,poly_time,ds_per_mask_track,ds_per_mask_amg,ds_per_mask_inter,ds_per_mask_poly
0,26,Male,7,C:\Users\geink81\Desktop\ARAMSAM_UserExperiment\User_0\39320223493024_low_192_annots_structured_sam1,39320223493024,192,sam1,False,3362,120,0,3,0,0,0,68,191,50,0,3,0,0,0,40,93,40,50,3,36.1505376344086,0_39320223493024,sam1_2,sam1_2_39320223493024,39320223493024_192,1341.0,1235.0,786.0,,33.525,24.7,262.0,
0,26,Male,7,C:\Users\geink81\Desktop\ARAMSAM_UserExperiment\User_0\39320223493024_low_192_annots_structured_sam2,39320223493024,192,sam2,False,748,0,129,0,0,0,85,0,214,0,4,0,0,0,84,0,88,84,4,0,8.5,0_39320223493024,sam2_2,sam2_2_39320223493024,39320223493024_192,709.0,39.0,,,8.440476,9.75,,
0,26,Male,7,C:\Users\geink81\Desktop\ARAMSAM_UserExperiment\User_0\39320223493024_low_256_annots_structured_sam1,39320223493024,256,sam1,True,3609,123,0,8,0,2,0,0,133,80,0,8,0,2,0,0,90,0,80,8,40.1,0_39320223493024,sam1_1,sam1_1_39320223493024,39320223493024_256,,2378.0,488.0,,,29.725,61.0,
0,26,Male,7,C:\Users\geink81\Desktop\ARAMSAM_UserExperiment\User_0\39320223493024_low_256_annots_structured_sam2,39320223493024,256,sam2,True,3562,0,135,0,7,3,0,0,145,0,84,0,6,2,0,0,92,0,84,6,38.71739130434783,0_39320223493024,sam2_1,sam2_1_39320223493024,39320223493024_256,,1925.0,1020.0,,,22.916666,170.0,
0,26,Male,7,C:\Users\geink81\Desktop\ARAMSAM_UserExperiment\User_0\39320223493024_low_256_annots_structured_sam2_indicated_annots_polygon,39320223493024,256,polygon,True,288,0,0,0,0,4,0,0,4,0,0,0,0,3,0,0,3,0,0,0,96.0,0_39320223493024,polygon_1,polygon_1_39320223493024,39320223493024_256,,,,,,,,
0,26,Male,7,C:\Users\geink81\Desktop\ARAMSAM_UserExperiment\User_0\39320223525022_low_2688_annots_structured_sam1,39320223525022,2688,sam1,False,4287,97,0,12,0,2,0,63,174,23,0,11,0,2,0,35,71,35,23,11,60.38028169014085,0_39320223525022,sam1_2,sam1_2_39320223525022,39320223525022_2688,1014.0,999.0,1399.0,,28.971428,43.434784,127.181816,
0,26,Male,7,C:\Users\geink81\Desktop\ARAMSAM_UserExperiment\User_0\39320223525022_low_2688_annots_structured_sam2,39320223525022,2688,sam2,False,732,0,108,0,2,0,63,0,173,0,5,0,2,0,61,0,68,61,5,2,10.764705882352942,0_39320223525022,sam2_2,sam2_2_39320223525022,39320223525022_2688,369.0,96.0,,,6.0491805,19.2,,
0,26,Male,7,C:\Users\geink81\Desktop\ARAMSAM_UserExperiment\User_0\39320223525022_low_2752_annots_structured_sam1,39320223525022,2752,sam1,True,2489,95,0,1,0,0,0,0,96,63,0,1,0,0,0,0,64,0,63,1,38.890625,0_39320223525022,sam1_1,sam1_1_39320223525022,39320223525022_2752,,2489.0,,,,39.50794,,
0,26,Male,7,C:\Users\geink81\Desktop\ARAMSAM_UserExperiment\User_0\39320223525022_low_2752_annots_structured_sam2,39320223525022,2752,sam2,True,1873,0,109,0,5,0,0,0,114,0,62,0,5,0,0,0,67,0,62,5,27.955223880597014,0_39320223525022,sam2_1,sam2_1_39320223525022,39320223525022_2752,,1118.0,755.0,,,18.032259,151.0,
0,26,Male,7,C:\Users\geink81\Desktop\ARAMSAM_UserExperiment\User_0\39320223525022_low_2752_annots_structured_sam2_indicated_annots_polygon,39320223525022,2752,polygon,True,255,0,0,0,0,4,0,0,4,0,0,0,0,3,0,0,3,0,0,0,85.0,0_39320223525022,polygon_1,polygon_1_39320223525022,39320223525022_2752,,,,,,,,
0,26,Male,7,C:\Users\geink81\Desktop\ARAMSAM_UserExperiment\User_0\39420224413028_low_1856_annots_structured_sam1,39420224413028,1856,sam1,False,3496,140,0,5,0,1,0,124,270,83,0,5,0,1,0,28,117,28,83,5,29.88034188034188,0_39420224413028,sam1_2,sam1_2_39420224413028,39420224413028_1856,1276.0,922.0,1298.0,,45.57143,11.108434,259.6,
0,26,Male,7,C:\Users\geink81\Desktop\ARAMSAM_UserExperiment\User_0\39420224413028_low_1856_annots_structured_sam2,39420224413028,1856,sam2,False,1498,0,166,0,2,0,119,0,287,0,2,0,2,0,115,0,119,115,2,2,12.588235294117647,0_39420224413028,sam2_2,sam2_2_39420224413028,39420224413028_1856,1111.0,,,,9.66087,,,
0,26,Male,7,C:\Users\geink81\Desktop\ARAMSAM_UserExperiment\User_0\39420224413028_low_1920_annots_structured_sam1,39420224413028,1920,sam1,True,1712,154,0,1,0,0,0,0,155,123,0,1,0,0,0,0,124,0,123,1,13.806451612903226,0_39420224413028,sam1_1,sam1_1_39420224413028,39420224413028_1920,,1712.0,,,,13.918699,,
0,26,Male,7,C:\Users\geink81\Desktop\ARAMSAM_UserExperiment\User_0\39420224413028_low_1920_annots_structured_sam2,39420224413028,1920,sam2,True,3983,0,180,0,6,1,0,0,187,0,117,0,6,1,0,0,124,0,117,6,32.12096774193548,0_39420224413028,sam2_1,sam2_1_39420224413028,39420224413028_1920,,2634.0,1349.0,,,22.512821,224.83333,
0,26,Male,7,C:\Users\geink81\Desktop\ARAMSAM_UserExperiment\User_0\39420224413028_low_1920_annots_structured_sam2_indicated_annots_polygon,39420224413028,1920,polygon,True,224,0,0,0,0,4,0,0,4,0,0,0,0,3,0,0,3,0,0,0,74.66666666666667,0_39420224413028,polygon_1,polygon_1_39420224413028,39420224413028_1920,,,,,,,,
1,30,Male,10,C:\Users\geink81\Desktop\ARAMSAM_UserExperiment\User_1\39320223493024_low_192_annots_structured_sam1,39320223493024,192,sam1,False,1182,120,0,0,0,0,0,69,189,49,0,0,0,0,0,43,92,43,49,0,12.847826086956522,1_39320223493024,sam1_2,sam1_2_39320223493024,39320223493024_192,834.0,348.0,,,19.39535,7.102041,,
1,30,Male,10,C:\Users\geink81\Desktop\ARAMSAM_UserExperiment\User_1\39320223493024_low_192_annots_structured_sam2,39320223493024,192,sam2,False,1,0,129,0,0,0,90,0,219,0,0,0,0,0,90,0,90,90,0,0,0.011111111111111112,1_39320223493024,sam2_2,sam2_2_39320223493024,39320223493024_192,1.0,,,,0.011111111,,,
1,30,Male,10,C:\Users\geink81\Desktop\ARAMSAM_UserExperiment\User_1\39320223493024_low_256_annots_structured_sam1,39320223493024,256,sam1,True,904,123,0,0,0,0,0,0,123,90,0,0,0,0,0,0,90,0,90,0,10.044444444444444,1_39320223493024,sam1_1,sam1_1_39320223493024,39320223493024_256,,904.0,,,,10.044444,,
1,30,Male,10,C:\Users\geink81\Desktop\ARAMSAM_UserExperiment\User_1\39320223493024_low_256_annots_structured_sam2,39320223493024,256,sam2,True,1309,0,135,0,3,0,0,0,138,0,90,0,3,0,0,0,93,0,90,3,14.075268817204302,1_39320223493024,sam2_1,sam2_1_39320223493024,39320223493024_256,,1047.0,262.0,,,11.633333,87.333336,
1,30,Male,10,C:\Users\geink81\Desktop\ARAMSAM_UserExperiment\User_1\39320223493024_low_256_annots_structured_sam2_indicated_annots_polygon,39320223493024,256,polygon,True,274,0,0,0,0,4,0,0,4,0,0,0,0,3,0,0,3,0,0,0,91.33333333333333,1_39320223493024,polygon_1,polygon_1_39320223493024,39320223493024_256,,,,,,,,
1,30,Male,10,C:\Users\geink81\Desktop\ARAMSAM_UserExperiment\User_1\39320223525022_low_2688_annots_structured_sam1,39320223525022,2688,sam1,False,2436,97,0,9,0,0,0,66,172,30,0,9,0,0,0,37,76,37,30,9,32.05263157894737,1_39320223525022,sam1_2,sam1_2_39320223525022,39320223525022_2688,984.0,654.0,798.0,,26.594595,21.8,88.666664,
1,30,Male,10,C:\Users\geink81\Desktop\ARAMSAM_UserExperiment\User_1\39320223525022_low_2688_annots_structured_sam2,39320223525022,2688,sam2,False,1,0,108,0,0,0,68,0,176,0,0,0,0,0,68,0,68,68,0,0,0.014705882352941176,1_39320223525022,sam2_2,sam2_2_39320223525022,39320223525022_2688,1.0,,,,0.014705882,,,
1,30,Male,10,C:\Users\geink81\Desktop\ARAMSAM_UserExperiment\User_1\39320223525022_low_2752_annots_structured_sam1,39320223525022,2752,sam1,True,2203,95,0,67,0,2,0,0,164,0,0,66,0,2,0,0,68,0,0,66,32.39705882352941,1_39320223525022,sam1_1,sam1_1_39320223525022,39320223525022_2752,,,1388.0,,,,21.030304,
1,30,Male,10,C:\Users\geink81\Desktop\ARAMSAM_UserExperiment\User_1\39320223525022_low_2752_annots_structured_sam2,39320223525022,2752,sam2,True,1419,0,109,0,0,0,0,0,109,0,70,0,0,0,0,0,70,0,70,0,20.271428571428572,1_39320223525022,sam2_1,sam2_1_39320223525022,39320223525022_2752,,1419.0,,,,20.27143,,
1,30,Male,10,C:\Users\geink81\Desktop\ARAMSAM_UserExperiment\User_1\39320223525022_low_2752_annots_structured_sam2_indicated_annots_polygon,39320223525022,2752,polygon,True,288,0,0,0,0,4,0,0,4,0,0,0,0,3,0,0,3,0,0,0,96.0,1_39320223525022,polygon_1,polygon_1_39320223525022,39320223525022_2752,,,,,,,,
1,30,Male,10,C:\Users\geink81\Desktop\ARAMSAM_UserExperiment\User_1\39420224413028_low_1856_annots_structured_sam1,39420224413028,1856,sam1,False,2510,140,0,8,0,0,0,124,272,74,0,8,0,0,0,33,115,33,74,8,21.82608695652174,1_39420224413028,sam1_2,sam1_2_39420224413028,39420224413028_1856,1393.0,444.0,673.0,,42.21212,6.0,84.125,
1,30,Male,10,C:\Users\geink81\Desktop\ARAMSAM_UserExperiment\User_1\39420224413028_low_1856_annots_structured_sam2,39420224413028,1856,sam2,False,1619,0,166,0,1,2,119,0,288,0,0,0,1,2,115,0,118,115,0,1,13.720338983050848,1_39420224413028,sam2_2,sam2_2_39420224413028,39420224413028_1856,1619.0,,,,14.07826,,,
1,30,Male,10,C:\Users\geink81\Desktop\ARAMSAM_UserExperiment\User_1\39420224413028_low_1920_annots_structured_sam1,39420224413028,1920,sam1,True,908,154,0,0,0,0,0,0,154,124,0,0,0,0,0,0,124,0,124,0,7.32258064516129,1_39420224413028,sam1_1,sam1_1_39420224413028,39420224413028_1920,,908.0,,,,7.322581,,
1,30,Male,10,C:\Users\geink81\Desktop\ARAMSAM_UserExperiment\User_1\39420224413028_low_1920_annots_structured_sam2,39420224413028,1920,sam2,True,2110,0,180,0,2,0,0,0,182,0,121,0,2,0,0,0,123,0,121,2,17.15447154471545,1_39420224413028,sam2_1,sam2_1_39420224413028,39420224413028_1920,,1693.0,,,,13.991735,,
1,30,Male,10,C:\Users\geink81\Desktop\ARAMSAM_UserExperiment\User_1\39420224413028_low_1920_annots_structured_sam2_indicated_annots_polygon,39420224413028,1920,polygon,True,256,0,0,0,0,4,0,0,4,0,0,0,0,3,0,0,3,0,0,0,85.33333333333333,1_39420224413028,polygon_1,polygon_1_39420224413028,39420224413028_1920,,,,,,,,
10,34,Male,7,C:\Users\geink81\Desktop\ARAMSAM_UserExperiment\User_10\39320223493024_low_192_annots_structured_sam1,39320223493024,192,sam1,False,2990,120,0,0,0,2,0,68,190,54,0,0,0,1,0,37,92,37,54,0,32.5,10_39320223493024,sam1_2,sam1_2_39320223493024,39320223493024_192,1625.0,1365.0,,,43.91892,25.277779,,
10,34,Male,7,C:\Users\geink81\Desktop\ARAMSAM_UserExperiment\User_10\39320223493024_low_192_annots_structured_sam2,39320223493024,192,sam2,False,2342,0,129,0,2,0,93,0,224,0,4,0,2,0,92,0,98,92,4,2,23.897959183673468,10_39320223493024,sam2_2,sam2_2_39320223493024,39320223493024_192,1861.0,285.0,,,20.22826,71.25,,
10,34,Male,7,C:\Users\geink81\Desktop\ARAMSAM_UserExperiment\User_10\39320223493024_low_256_annots_structured_sam1,39320223493024,256,sam1,True,3119,123,0,4,0,3,0,0,130,86,0,4,0,2,0,0,92,0,86,4,33.90217391304348,10_39320223493024,sam1_1,sam1_1_39320223493024,39320223493024_256,,1159.0,756.0,,,13.476745,189.0,
10,34,Male,7,C:\Users\geink81\Desktop\ARAMSAM_UserExperiment\User_10\39320223493024_low_256_annots_structured_sam2,39320223493024,256,sam2,True,4684,0,135,0,4,5,0,0,144,0,92,0,4,4,0,0,100,0,92,4,46.84,10_39320223493024,sam2_1,sam2_1_39320223493024,39320223493024_256,,1685.0,870.0,2129,,18.315218,217.5,532.25
10,34,Male,7,C:\Users\geink81\Desktop\ARAMSAM_UserExperiment\User_10\39320223493024_low_256_indicated_annots_polygon,39320223493024,256,polygon,True,176,0,0,0,0,4,0,0,4,0,0,0,0,3,0,0,3,0,0,0,58.666666666666664,10_39320223493024,polygon_1,polygon_1_39320223493024,39320223493024_256,,,,,,,,
10,34,Male,7,C:\Users\geink81\Desktop\ARAMSAM_UserExperiment\User_10\39320223525022_low_2688_annots_structured_sam1,39320223525022,2688,sam1,False,4474,97,0,4,0,3,0,71,175,33,0,3,0,3,0,35,74,35,33,3,60.45945945945946,10_39320223525022,sam1_2,sam1_2_39320223525022,39320223525022_2688,2331.0,381.0,773.0,989,66.6,11.545455,257.66666,329.66666
10,34,Male,7,C:\Users\geink81\Desktop\ARAMSAM_UserExperiment\User_10\39320223525022_low_2688_annots_structured_sam2,39320223525022,2688,sam2,False,3099,0,108,0,6,0,68,0,182,0,3,0,6,0,66,0,75,66,3,6,41.32,10_39320223525022,sam2_2,sam2_2_39320223525022,39320223525022_2688,1002.0,33.0,2064.0,,15.181818,11.0,344.0,
10,34,Male,7,C:\Users\geink81\Desktop\ARAMSAM_UserExperiment\User_10\39320223525022_low_2752_annots_structured_sam1,39320223525022,2752,sam1,True,4543,95,0,0,0,7,0,0,102,65,0,0,0,7,0,0,72,0,65,0,63.09722222222222,10_39320223525022,sam1_1,sam1_1_39320223525022,39320223525022_2752,,810.0,,3733,,12.461538,,533.2857
10,34,Male,7,C:\Users\geink81\Desktop\ARAMSAM_UserExperiment\User_10\39320223525022_low_2752_annots_structured_sam2,39320223525022,2752,sam2,True,5189,0,109,0,0,13,0,0,122,0,65,0,0,11,0,0,76,0,65,0,68.27631578947368,10_39320223525022,sam2_1,sam2_1_39320223525022,39320223525022_2752,,938.0,,4251,,14.430769,,386.45456
10,34,Male,7,C:\Users\geink81\Desktop\ARAMSAM_UserExperiment\User_10\39320223525022_low_2752_indicated_annots_polygon,39320223525022,2752,polygon,True,418,0,0,0,0,4,0,0,4,0,0,0,0,3,0,0,3,0,0,0,139.33333333333334,10_39320223525022,polygon_1,polygon_1_39320223525022,39320223525022_2752,,,,,,,,
10,34,Male,7,C:\Users\geink81\Desktop\ARAMSAM_UserExperiment\User_10\39420224413028_low_1856_annots_structured_sam1,39420224413028,1856,sam1,False,5022,140,0,0,0,8,0,124,272,85,0,0,0,6,0,29,120,29,85,0,41.85,10_39420224413028,sam1_2,sam1_2_39420224413028,39420224413028_1856,2292.0,596.0,,2134,79.034485,7.0117645,,355.66666
10,34,Male,7,C:\Users\geink81\Desktop\ARAMSAM_UserExperiment\User_10\39420224413028_low_1856_annots_structured_sam2,39420224413028,1856,sam2,False,4556,0,166,0,3,3,119,0,291,0,4,0,2,3,111,0,120,111,4,2,37.96666666666667,10_39420224413028,sam2_2,sam2_2_39420224413028,39420224413028_1856,1587.0,161.0,,2808,14.2972975,40.25,,936.0
10,34,Male,7,C:\Users\geink81\Desktop\ARAMSAM_UserExperiment\User_10\39420224413028_low_1920_annots_structured_sam1,39420224413028,1920,sam1,True,2100,154,0,0,0,1,0,0,155,123,0,0,0,1,0,0,124,0,123,0,16.93548387096774,10_39420224413028,sam1_1,sam1_1_39420224413028,39420224413028_1920,,2100.0,,,,17.073172,,
10,34,Male,7,C:\Users\geink81\Desktop\ARAMSAM_UserExperiment\User_10\39420224413028_low_1920_annots_structured_sam2,39420224413028,1920,sam2,True,3558,0,180,0,5,0,0,0,185,0,120,0,4,0,0,0,124,0,120,4,28.693548387096776,10_39420224413028,sam2_1,sam2_1_39420224413028,39420224413028_1920,,2485.0,1073.0,,,20.708334,268.25,
10,34,Male,7,C:\Users\geink81\Desktop\ARAMSAM_UserExperiment\User_10\39420224413028_low_1920_indicated_annots_polygon,39420224413028,1920,polygon,True,388,0,0,0,0,4,0,0,4,0,0,0,0,3,0,0,3,0,0,0,129.33333333333334,10_39420224413028,polygon_1,polygon_1_39420224413028,39420224413028_1920,,,,,,,,
12,25,Male,9,C:\Users\geink81\Desktop\ARAMSAM_UserExperiment\User_12\39320223493024_low_192_annots_structured_sam1,39320223493024,192,sam1,False,2355,120,0,0,0,2,0,70,192,48,0,0,0,2,0,45,95,45,48,0,24.789473684210527,12_39320223493024,sam1_2,sam1_2_39320223493024,39320223493024_192,1173.0,684.0,,,26.066668,14.25,,
12,25,Male,9,C:\Users\geink81\Desktop\ARAMSAM_UserExperiment\User_12\39320223493024_low_192_annots_structured_sam2,39320223493024,192,sam2,False,446,0,129,0,0,0,88,0,217,0,6,0,0,0,86,0,92,86,6,0,4.8478260869565215,12_39320223493024,sam2_2,sam2_2_39320223493024,39320223493024_192,395.0,51.0,,,4.5930233,8.5,,
12,25,Male,9,C:\Users\geink81\Desktop\ARAMSAM_UserExperiment\User_12\39320223493024_low_256_annots_structured_sam1,39320223493024,256,sam1,True,3044,123,0,2,0,3,0,0,128,87,0,2,0,3,0,0,92,0,87,2,33.08695652173913,12_39320223493024,sam1_1,sam1_1_39320223493024,39320223493024_256,,2048.0,,996,,23.54023,,332.0
12,25,Male,9,C:\Users\geink81\Desktop\ARAMSAM_UserExperiment\User_12\39320223493024_low_256_annots_structured_sam2,39320223493024,256,sam2,True,2346,0,135,0,8,1,0,0,144,0,84,0,8,1,0,0,93,0,84,8,25.225806451612904,12_39320223493024,sam2_1,sam2_1_39320223493024,39320223493024_256,,1306.0,1040.0,,,15.547619,130.0,
12,25,Male,9,C:\Users\geink81\Desktop\ARAMSAM_UserExperiment\User_12\39320223493024_low_256_indicated_annots_polygon,39320223493024,256,polygon,True,158,0,0,0,0,4,0,0,4,0,0,0,0,3,0,0,3,0,0,0,52.666666666666664,12_39320223493024,polygon_1,polygon_1_39320223493024,39320223493024_256,,,,,,,,
12,25,Male,9,C:\Users\geink81\Desktop\ARAMSAM_UserExperiment\User_12\39320223525022_low_2688_annots_structured_sam1,39320223525022,2688,sam1,False,2158,97,0,8,0,0,0,71,176,29,0,8,0,0,0,39,76,39,29,8,28.394736842105264,12_39320223525022,sam1_2,sam1_2_39320223525022,39320223525022_2688,701.0,476.0,981.0,,17.97436,16.413794,122.625,
12,25,Male,9,C:\Users\geink81\Desktop\ARAMSAM_UserExperiment\User_12\39320223525022_low_2688_annots_structured_sam2,39320223525022,2688,sam2,False,1004,0,108,0,2,0,67,0,177,0,5,0,2,0,64,0,71,64,5,2,14.140845070422536,12_39320223525022,sam2_2,sam2_2_39320223525022,39320223525022_2688,585.0,143.0,,,9.140625,28.6,,
12,25,Male,9,C:\Users\geink81\Desktop\ARAMSAM_UserExperiment\User_12\39320223525022_low_2752_annots_structured_sam1,39320223525022,2752,sam1,True,1630,95,0,1,0,3,0,0,99,68,0,1,0,3,0,0,72,0,68,1,22.63888888888889,12_39320223525022,sam1_1,sam1_1_39320223525022,39320223525022_2752,,995.0,,635,,14.632353,,211.66667
12,25,Male,9,C:\Users\geink81\Desktop\ARAMSAM_UserExperiment\User_12\39320223525022_low_2752_annots_structured_sam2,39320223525022,2752,sam2,True,3014,0,109,0,2,3,0,0,114,0,66,0,2,3,0,0,71,0,66,2,42.45070422535211,12_39320223525022,sam2_1,sam2_1_39320223525022,39320223525022_2752,,1469.0,,1545,,22.257576,,515.0
12,25,Male,9,C:\Users\geink81\Desktop\ARAMSAM_UserExperiment\User_12\39320223525022_low_2752_indicated_annots_polygon,39320223525022,2752,polygon,True,160,0,0,0,0,4,0,0,4,0,0,0,0,3,0,0,3,0,0,0,53.333333333333336,12_39320223525022,polygon_1,polygon_1_39320223525022,39320223525022_2752,,,,,,,,
12,25,Male,9,C:\Users\geink81\Desktop\ARAMSAM_UserExperiment\User_12\39420224413028_low_1856_annots_structured_sam1,39420224413028,1856,sam1,False,2601,140,0,1,0,1,0,125,267,86,0,1,0,1,0,28,116,28,86,1,22.42241379310345,12_39420224413028,sam1_2,sam1_2_39420224413028,39420224413028_1856,1164.0,1437.0,,,41.57143,16.709303,,
12,25,Male,9,C:\Users\geink81\Desktop\ARAMSAM_UserExperiment\User_12\39420224413028_low_1856_annots_structured_sam2,39420224413028,1856,sam2,False,2065,0,166,0,1,4,120,0,291,0,4,0,1,4,109,0,118,109,4,1,17.5,12_39420224413028,sam2_2,sam2_2_39420224413028,39420224413028_1856,1012.0,97.0,,956,9.284404,24.25,,239.0
12,25,Male,9,C:\Users\geink81\Desktop\ARAMSAM_UserExperiment\User_12\39420224413028_low_1920_annots_structured_sam1,39420224413028,1920,sam1,True,1854,154,0,0,0,1,0,0,155,124,0,0,0,1,0,0,125,0,124,0,14.832,12_39420224413028,sam1_1,sam1_1_39420224413028,39420224413028_1920,,1854.0,,,,14.951612,,
12,25,Male,9,C:\Users\geink81\Desktop\ARAMSAM_UserExperiment\User_12\39420224413028_low_1920_annots_structured_sam2,39420224413028,1920,sam2,True,4840,0,180,0,13,4,0,0,197,0,108,0,13,4,0,0,125,0,108,13,38.72,12_39420224413028,sam2_1,sam2_1_39420224413028,39420224413028_1920,,1845.0,2162.0,833,,17.083334,166.3077,208.25
12,25,Male,9,C:\Users\geink81\Desktop\ARAMSAM_UserExperiment\User_12\39420224413028_low_1920_indicated_annots_polygon,39420224413028,1920,polygon,True,206,0,0,0,0,4,0,0,4,0,0,0,0,3,0,0,3,0,0,0,68.66666666666667,12_39420224413028,polygon_1,polygon_1_39420224413028,39420224413028_1920,,,,,,,,
13,25,Male,7,C:\Users\geink81\Desktop\ARAMSAM_UserExperiment\User_13\39320223493024_low_192_annots_structured_sam1,39320223493024,192,sam1,False,10259,120,0,0,0,47,0,69,236,0,0,0,0,47,0,44,91,44,0,0,112.73626373626374,13_39320223493024,sam1_2,sam1_2_39320223493024,39320223493024_192,1861.0,,,8398,42.295456,,,178.68085
13,25,Male,7,C:\Users\geink81\Desktop\ARAMSAM_UserExperiment\User_13\39320223493024_low_192_annots_structured_sam2,39320223493024,192,sam2,False,248,0,129,0,0,0,84,0,213,0,4,0,0,0,84,0,88,84,4,0,2.8181818181818183,13_39320223493024,sam2_2,sam2_2_39320223493024,39320223493024_192,231.0,17.0,,,2.75,4.25,,
13,25,Male,7,C:\Users\geink81\Desktop\ARAMSAM_UserExperiment\User_13\39320223493024_low_256_annots_structured_sam1,39320223493024,256,sam1,True,2562,123,0,2,0,2,0,0,127,84,0,1,0,2,0,0,87,0,84,1,29.448275862068964,13_39320223493024,sam1_1,sam1_1_39320223493024,39320223493024_256,,625.0,,,,7.4404764,,
13,25,Male,7,C:\Users\geink81\Desktop\ARAMSAM_UserExperiment\User_13\39320223493024_low_256_annots_structured_sam2,39320223493024,256,sam2,True,496,0,135,0,0,0,0,0,135,0,87,0,0,0,0,0,87,0,87,0,5.7011494252873565,13_39320223493024,sam2_1,sam2_1_39320223493024,39320223493024_256,,496.0,,,,5.7011495,,
13,25,Male,7,C:\Users\geink81\Desktop\ARAMSAM_UserExperiment\User_13\39320223493024_low_256_indicated_annots_polygon,39320223493024,256,polygon,True,213,0,0,0,0,4,0,0,4,0,0,0,0,3,0,0,3,0,0,0,71.0,13_39320223493024,polygon_1,polygon_1_39320223493024,39320223493024_256,,,,,,,,
13,25,Male,7,C:\Users\geink81\Desktop\ARAMSAM_UserExperiment\User_13\39320223525022_low_2688_annots_structured_sam1,39320223525022,2688,sam1,False,2597,97,0,1,0,0,0,65,163,37,0,1,0,0,0,31,69,31,37,1,37.63768115942029,13_39320223525022,sam1_2,sam1_2_39320223525022,39320223525022_2688,2011.0,586.0,,,64.870964,15.837838,,
13,25,Male,7,C:\Users\geink81\Desktop\ARAMSAM_UserExperiment\User_13\39320223525022_low_2688_annots_structured_sam2,39320223525022,2688,sam2,False,234,0,108,0,0,0,64,0,172,0,2,0,0,0,64,0,66,64,2,0,3.5454545454545454,13_39320223525022,sam2_2,sam2_2_39320223525022,39320223525022_2688,234.0,,,,3.65625,,,
13,25,Male,7,C:\Users\geink81\Desktop\ARAMSAM_UserExperiment\User_13\39320223525022_low_2752_annots_structured_sam1,39320223525022,2752,sam1,True,2752,95,0,0,0,0,0,0,95,66,0,0,0,0,0,0,66,0,66,0,41.696969696969695,13_39320223525022,sam1_1,sam1_1_39320223525022,39320223525022_2752,,2752.0,,,,41.696968,,
13,25,Male,7,C:\Users\geink81\Desktop\ARAMSAM_UserExperiment\User_13\39320223525022_low_2752_annots_structured_sam2,39320223525022,2752,sam2,True,681,0,109,0,0,0,0,0,109,0,65,0,0,0,0,0,65,0,65,0,10.476923076923077,13_39320223525022,sam2_1,sam2_1_39320223525022,39320223525022_2752,,681.0,,,,10.476923,,
13,25,Male,7,C:\Users\geink81\Desktop\ARAMSAM_UserExperiment\User_13\39320223525022_low_2752_indicated_annots_polygon,39320223525022,2752,polygon,True,474,0,0,0,0,4,0,0,4,0,0,0,0,3,0,0,3,0,0,0,158.0,13_39320223525022,polygon_1,polygon_1_39320223525022,39320223525022_2752,,,,,,,,
13,25,Male,7,C:\Users\geink81\Desktop\ARAMSAM_UserExperiment\User_13\39420224413028_low_1856_annots_structured_sam1,39420224413028,1856,sam1,False,2165,140,0,3,0,0,0,124,267,84,0,3,0,0,0,31,118,31,84,3,18.347457627118644,13_39420224413028,sam1_2,sam1_2_39420224413028,39420224413028_1856,1627.0,258.0,280.0,,52.48387,3.0714285,93.333336,
13,25,Male,7,C:\Users\geink81\Desktop\ARAMSAM_UserExperiment\User_13\39420224413028_low_1856_annots_structured_sam2,39420224413028,1856,sam2,False,1,0,166,0,0,0,118,0,284,0,0,0,0,0,117,0,117,117,0,0,0.008547008547008548,13_39420224413028,sam2_2,sam2_2_39420224413028,39420224413028_1856,1.0,,,,0.008547009,,,
13,25,Male,7,C:\Users\geink81\Desktop\ARAMSAM_UserExperiment\User_13\39420224413028_low_1920_annots_structured_sam1,39420224413028,1920,sam1,True,1487,154,0,0,0,0,0,0,154,124,0,0,0,0,0,0,124,0,124,0,11.991935483870968,13_39420224413028,sam1_1,sam1_1_39420224413028,39420224413028_1920,,1487.0,,,,11.991936,,
13,25,Male,7,C:\Users\geink81\Desktop\ARAMSAM_UserExperiment\User_13\39420224413028_low_1920_annots_structured_sam2,39420224413028,1920,sam2,True,511,0,180,0,0,0,0,0,180,0,122,0,0,0,0,0,122,0,122,0,4.188524590163935,13_39420224413028,sam2_1,sam2_1_39420224413028,39420224413028_1920,,511.0,,,,4.1885247,,
13,25,Male,7,C:\Users\geink81\Desktop\ARAMSAM_UserExperiment\User_13\39420224413028_low_1920_indicated_annots_polygon,39420224413028,1920,polygon,True,574,0,0,0,0,4,0,0,4,0,0,0,0,3,0,0,3,0,0,0,191.33333333333334,13_39420224413028,polygon_1,polygon_1_39420224413028,39420224413028_1920,,,,,,,,
14,30,Male,8,C:\Users\geink81\Desktop\ARAMSAM_UserExperiment\User_14\39320223493024_low_192_annots_structured_sam1,39320223493024,192,sam1,False,4561,120,0,2,0,4,0,68,194,55,0,0,0,4,0,36,95,36,55,0,48.01052631578948,14_39320223493024,sam1_2,sam1_2_39320223493024,39320223493024_192,1683.0,624.0,,2254,46.75,11.345454,,563.5
14,30,Male,8,C:\Users\geink81\Desktop\ARAMSAM_UserExperiment\User_14\39320223493024_low_192_annots_structured_sam2,39320223493024,192,sam2,False,1091,0,129,0,1,0,87,0,217,0,6,0,1,0,85,0,92,85,6,1,11.858695652173912,14_39320223493024,sam2_2,sam2_2_39320223493024,39320223493024_192,978.0,113.0,,,11.505882,18.833334,,
14,30,Male,8,C:\Users\geink81\Desktop\ARAMSAM_UserExperiment\User_14\39320223493024_low_256_annots_structured_sam1,39320223493024,256,sam1,True,3166,123,0,8,0,0,0,0,131,83,0,8,0,0,0,0,91,0,83,8,34.79120879120879,14_39320223493024,sam1_1,sam1_1_39320223493024,39320223493024_256,,1456.0,1710.0,,,17.54217,213.75,
14,30,Male,8,C:\Users\geink81\Desktop\ARAMSAM_UserExperiment\User_14\39320223493024_low_256_annots_structured_sam2,39320223493024,256,sam2,True,2070,0,135,0,9,2,0,0,146,0,83,0,9,2,0,0,94,0,83,9,22.02127659574468,14_39320223493024,sam2_1,sam2_1_39320223493024,39320223493024_256,,958.0,843.0,,,11.542169,93.666664,
14,30,Male,8,C:\Users\geink81\Desktop\ARAMSAM_UserExperiment\User_14\39320223493024_low_256_indicated_annots_polygon,39320223493024,256,polygon,True,166,0,0,0,0,4,0,0,4,0,0,0,0,3,0,0,3,0,0,0,55.333333333333336,14_39320223493024,polygon_1,polygon_1_39320223493024,39320223493024_256,,,,,,,,
14,30,Male,8,C:\Users\geink81\Desktop\ARAMSAM_UserExperiment\User_14\39320223525022_low_2688_annots_structured_sam1,39320223525022,2688,sam1,False,3623,97,0,5,0,5,0,64,171,28,0,5,0,4,0,35,72,35,28,5,50.31944444444444,14_39320223525022,sam1_2,sam1_2_39320223525022,39320223525022_2688,971.0,412.0,1325.0,915,27.742857,14.714286,265.0,228.75
14,30,Male,8,C:\Users\geink81\Desktop\ARAMSAM_UserExperiment\User_14\39320223525022_low_2688_annots_structured_sam2,39320223525022,2688,sam2,False,3054,0,108,0,6,1,64,0,179,0,4,0,6,1,59,0,70,59,4,6,43.628571428571426,14_39320223525022,sam2_2,sam2_2_39320223525022,39320223525022_2688,1066.0,39.0,1949.0,,18.067797,9.75,324.83334,
14,30,Male,8,C:\Users\geink81\Desktop\ARAMSAM_UserExperiment\User_14\39320223525022_low_2752_annots_structured_sam1,39320223525022,2752,sam1,True,1931,95,0,3,0,0,0,0,98,62,0,3,0,0,0,0,65,0,62,3,29.70769230769231,14_39320223525022,sam1_1,sam1_1_39320223525022,39320223525022_2752,,777.0,1154.0,,,12.532258,384.66666,
14,30,Male,8,C:\Users\geink81\Desktop\ARAMSAM_UserExperiment\User_14\39320223525022_low_2752_annots_structured_sam2,39320223525022,2752,sam2,True,2848,0,109,0,2,7,0,0,118,0,60,0,2,7,0,0,69,0,60,2,41.27536231884058,14_39320223525022,sam2_1,sam2_1_39320223525022,39320223525022_2752,,799.0,,2049,,13.316667,,292.7143
14,30,Male,8,C:\Users\geink81\Desktop\ARAMSAM_UserExperiment\User_14\39320223525022_low_2752_indicated_annots_polygon,39320223525022,2752,polygon,True,180,0,0,0,0,4,0,0,4,0,0,0,0,3,0,0,3,0,0,0,60.0,14_39320223525022,polygon_1,polygon_1_39320223525022,39320223525022_2752,,,,,,,,
14,30,Male,8,C:\Users\geink81\Desktop\ARAMSAM_UserExperiment\User_14\39420224413028_low_1856_annots_structured_sam1,39420224413028,1856,sam1,False,2434,140,0,5,0,0,0,123,268,85,0,5,0,0,0,28,118,28,85,5,20.627118644067796,14_39420224413028,sam1_2,sam1_2_39420224413028,39420224413028_1856,1446.0,601.0,387.0,,51.642857,7.070588,77.4,
14,30,Male,8,C:\Users\geink81\Desktop\ARAMSAM_UserExperiment\User_14\39420224413028_low_1856_annots_structured_sam2,39420224413028,1856,sam2,False,1833,0,166,0,1,2,118,0,287,0,1,0,1,2,116,0,120,116,1,1,15.275,14_39420224413028,sam2_2,sam2_2_39420224413028,39420224413028_1856,1833.0,,,,15.801724,,,
14,30,Male,8,C:\Users\geink81\Desktop\ARAMSAM_UserExperiment\User_14\39420224413028_low_1920_annots_structured_sam1,39420224413028,1920,sam1,True,997,154,0,0,0,0,0,0,154,123,0,0,0,0,0,0,123,0,123,0,8.105691056910569,14_39420224413028,sam1_1,sam1_1_39420224413028,39420224413028_1920,,997.0,,,,8.105691,,
14,30,Male,8,C:\Users\geink81\Desktop\ARAMSAM_UserExperiment\User_14\39420224413028_low_1920_annots_structured_sam2,39420224413028,1920,sam2,True,2323,0,180,0,5,0,0,0,185,0,118,0,5,0,0,0,123,0,118,5,18.88617886178862,14_39420224413028,sam2_1,sam2_1_39420224413028,39420224413028_1920,,1360.0,963.0,,,11.525424,192.6,
14,30,Male,8,C:\Users\geink81\Desktop\ARAMSAM_UserExperiment\User_14\39420224413028_low_1920_indicated_annots_polygon,39420224413028,1920,polygon,True,181,0,0,0,0,4,0,0,4,0,0,0,0,3,0,0,3,0,0,0,60.333333333333336,14_39420224413028,polygon_1,polygon_1_39420224413028,39420224413028_1920,,,,,,,,
15,31,Male,7,C:\Users\geink81\Desktop\ARAMSAM_UserExperiment\User_15\39320223493024_low_192_annots_structured_sam1,39320223493024,192,sam1,False,3682,120,0,53,0,0,0,71,244,0,0,51,0,0,0,40,91,40,0,51,40.46153846153846,15_39320223493024,sam1_2,sam1_2_39320223493024,39320223493024_192,2981.0,,701.0,,74.525,,13.745098,
15,31,Male,7,C:\Users\geink81\Desktop\ARAMSAM_UserExperiment\User_15\39320223493024_low_192_annots_structured_sam2,39320223493024,192,sam2,False,642,0,129,0,0,0,86,0,215,0,6,0,0,0,84,0,90,84,6,0,7.133333333333334,15_39320223493024,sam2_2,sam2_2_39320223493024,39320223493024_192,603.0,39.0,,,7.178571,6.5,,
15,31,Male,7,C:\Users\geink81\Desktop\ARAMSAM_UserExperiment\User_15\39320223493024_low_256_annots_structured_sam1,39320223493024,256,sam1,True,2646,123,0,7,0,0,0,0,130,85,0,7,0,0,0,0,92,0,85,7,28.76086956521739,15_39320223493024,sam1_1,sam1_1_39320223493024,39320223493024_256,,1397.0,1249.0,,,16.435293,178.42857,
15,31,Male,7,C:\Users\geink81\Desktop\ARAMSAM_UserExperiment\User_15\39320223493024_low_256_annots_structured_sam2,39320223493024,256,sam2,True,1324,0,135,0,2,0,0,0,137,0,87,0,2,0,0,0,89,0,87,2,14.876404494382022,15_39320223493024,sam2_1,sam2_1_39320223493024,39320223493024_256,,958.0,,,,11.011495,,
15,31,Male,7,C:\Users\geink81\Desktop\ARAMSAM_UserExperiment\User_15\39320223493024_low_256_indicated_annots_polygon,39320223493024,256,polygon,True,307,0,0,0,0,4,0,0,4,0,0,0,0,3,0,0,3,0,0,0,102.33333333333333,15_39320223493024,polygon_1,polygon_1_39320223493024,39320223493024_256,,,,,,,,
15,31,Male,7,C:\Users\geink81\Desktop\ARAMSAM_UserExperiment\User_15\39320223525022_low_2688_annots_structured_sam1,39320223525022,2688,sam1,False,2843,97,0,3,0,1,0,61,162,29,0,3,0,1,0,36,69,36,29,3,41.20289855072464,15_39320223525022,sam1_2,sam1_2_39320223525022,39320223525022_2688,1642.0,311.0,890.0,,45.61111,10.724138,296.66666,
15,31,Male,7,C:\Users\geink81\Desktop\ARAMSAM_UserExperiment\User_15\39320223525022_low_2688_annots_structured_sam2,39320223525022,2688,sam2,False,1779,0,108,0,1,2,62,0,173,0,4,0,1,2,59,0,66,59,4,1,26.954545454545453,15_39320223525022,sam2_2,sam2_2_39320223525022,39320223525022_2688,636.0,141.0,,,10.779661,35.25,,
15,31,Male,7,C:\Users\geink81\Desktop\ARAMSAM_UserExperiment\User_15\39320223525022_low_2752_annots_structured_sam1,39320223525022,2752,sam1,True,714,95,0,0,0,0,0,0,95,62,0,0,0,0,0,0,62,0,62,0,11.516129032258064,15_39320223525022,sam1_1,sam1_1_39320223525022,39320223525022_2752,,714.0,,,,11.5161295,,
15,31,Male,7,C:\Users\geink81\Desktop\ARAMSAM_UserExperiment\User_15\39320223525022_low_2752_annots_structured_sam2,39320223525022,2752,sam2,True,1146,0,109,0,1,0,0,0,110,0,61,0,1,0,0,0,62,0,61,1,18.483870967741936,15_39320223525022,sam2_1,sam2_1_39320223525022,39320223525022_2752,,1146.0,,,,18.786884,,
15,31,Male,7,C:\Users\geink81\Desktop\ARAMSAM_UserExperiment\User_15\39320223525022_low_2752_indicated_annots_polygon,39320223525022,2752,polygon,True,308,0,0,0,0,5,0,0,5,0,0,0,0,3,0,0,3,0,0,0,102.66666666666667,15_39320223525022,polygon_1,polygon_1_39320223525022,39320223525022_2752,,,,,,,,
15,31,Male,7,C:\Users\geink81\Desktop\ARAMSAM_UserExperiment\User_15\39420224413028_low_1856_annots_structured_sam1,39420224413028,1856,sam1,False,3814,140,0,0,0,1,0,123,264,85,0,0,0,1,0,29,115,29,85,0,33.165217391304346,15_39420224413028,sam1_2,sam1_2_39420224413028,39420224413028_1856,2337.0,1477.0,,,80.586205,17.37647,,
15,31,Male,7,C:\Users\geink81\Desktop\ARAMSAM_UserExperiment\User_15\39420224413028_low_1856_annots_structured_sam2,39420224413028,1856,sam2,False,3430,0,166,0,0,1,117,0,284,0,5,0,0,1,111,0,117,111,5,0,29.316239316239315,15_39420224413028,sam2_2,sam2_2_39420224413028,39420224413028_1856,1414.0,2016.0,,,12.738739,403.2,,
15,31,Male,7,C:\Users\geink81\Desktop\ARAMSAM_UserExperiment\User_15\39420224413028_low_1920_annots_structured_sam1,39420224413028,1920,sam1,True,1011,154,0,0,0,0,0,0,154,123,0,0,0,0,0,0,123,0,123,0,8.21951219512195,15_39420224413028,sam1_1,sam1_1_39420224413028,39420224413028_1920,,1011.0,,,,8.219512,,
15,31,Male,7,C:\Users\geink81\Desktop\ARAMSAM_UserExperiment\User_15\39420224413028_low_1920_annots_structured_sam2,39420224413028,1920,sam2,True,1845,0,180,0,3,0,0,0,183,0,118,0,3,0,0,0,121,0,118,3,15.24793388429752,15_39420224413028,sam2_1,sam2_1_39420224413028,39420224413028_1920,,1573.0,272.0,,,13.330508,90.666664,
15,31,Male,7,C:\Users\geink81\Desktop\ARAMSAM_UserExperiment\User_15\39420224413028_low_1920_indicated_annots_polygon,39420224413028,1920,polygon,True,255,0,0,0,0,4,0,0,4,0,0,0,0,3,0,0,3,0,0,0,85.0,15_39420224413028,polygon_1,polygon_1_39420224413028,39420224413028_1920,,,,,,,,
16,30,Male,6,C:\Users\geink81\Desktop\ARAMSAM_UserExperiment\User_16\39320223493024_low_192_annots_structured_sam1,39320223493024,192,sam1,False,1610,120,0,1,0,0,0,76,197,46,0,1,0,0,0,52,99,52,46,1,16.262626262626263,16_39320223493024,sam1_2,sam1_2_39320223493024,39320223493024_192,828.0,782.0,,,15.923077,17.0,,
16,30,Male,6,C:\Users\geink81\Desktop\ARAMSAM_UserExperiment\User_16\39320223493024_low_192_annots_structured_sam2,39320223493024,192,sam2,False,2101,0,129,0,7,0,92,0,228,0,0,0,7,0,89,0,96,89,0,7,21.885416666666668,16_39320223493024,sam2_2,sam2_2_39320223493024,39320223493024_192,1782.0,,319.0,,20.022472,,45.57143,
16,30,Male,6,C:\Users\geink81\Desktop\ARAMSAM_UserExperiment\User_16\39320223493024_low_256_annots_structured_sam1,39320223493024,256,sam1,True,1566,123,0,4,0,0,0,0,127,94,0,4,0,0,0,0,98,0,94,4,15.979591836734693,16_39320223493024,sam1_1,sam1_1_39320223493024,39320223493024_256,,1264.0,302.0,,,13.446809,75.5,
16,30,Male,6,C:\Users\geink81\Desktop\ARAMSAM_UserExperiment\User_16\39320223493024_low_256_annots_structured_sam2,39320223493024,256,sam2,True,2006,0,135,0,3,0,0,0,138,0,92,0,3,0,0,0,95,0,92,3,21.11578947368421,16_39320223493024,sam2_1,sam2_1_39320223493024,39320223493024_256,,1809.0,197.0,,,19.663044,65.666664,
16,30,Male,6,C:\Users\geink81\Desktop\ARAMSAM_UserExperiment\User_16\39320223493024_low_256_indicated_annots_polygon,39320223493024,256,polygon,True,210,0,0,0,0,4,0,0,4,0,0,0,0,3,0,0,3,0,0,0,70.0,16_39320223493024,polygon_1,polygon_1_39320223493024,39320223493024_256,,,,,,,,
16,30,Male,6,C:\Users\geink81\Desktop\ARAMSAM_UserExperiment\User_16\39320223525022_low_2688_annots_structured_sam1,39320223525022,2688,sam1,False,2471,97,0,3,0,0,0,66,166,34,0,3,0,0,0,34,71,34,34,3,34.80281690140845,16_39320223525022,sam1_2,sam1_2_39320223525022,39320223525022_2688,1062.0,722.0,687.0,,31.235294,21.235294,229.0,
16,30,Male,6,C:\Users\geink81\Desktop\ARAMSAM_UserExperiment\User_16\39320223525022_low_2688_annots_structured_sam2,39320223525022,2688,sam2,False,849,0,108,0,0,0,67,0,175,0,2,0,0,0,67,0,69,67,2,0,12.304347826086957,16_39320223525022,sam2_2,sam2_2_39320223525022,39320223525022_2688,849.0,,,,12.671641,,,
16,30,Male,6,C:\Users\geink81\Desktop\ARAMSAM_UserExperiment\User_16\39320223525022_low_2752_annots_structured_sam1,39320223525022,2752,sam1,True,1585,95,0,0,0,0,0,0,95,67,0,0,0,0,0,0,67,0,67,0,23.65671641791045,16_39320223525022,sam1_1,sam1_1_39320223525022,39320223525022_2752,,1585.0,,,,23.656717,,
16,30,Male,6,C:\Users\geink81\Desktop\ARAMSAM_UserExperiment\User_16\39320223525022_low_2752_annots_structured_sam2,39320223525022,2752,sam2,True,1772,0,109,0,1,0,0,0,110,0,68,0,1,0,0,0,69,0,68,1,25.681159420289855,16_39320223525022,sam2_1,sam2_1_39320223525022,39320223525022_2752,,1772.0,,,,26.058823,,
16,30,Male,6,C:\Users\geink81\Desktop\ARAMSAM_UserExperiment\User_16\39320223525022_low_2752_indicated_annots_polygon,39320223525022,2752,polygon,True,221,0,0,0,0,4,0,0,4,0,0,0,0,3,0,0,3,0,0,0,73.66666666666667,16_39320223525022,polygon_1,polygon_1_39320223525022,39320223525022_2752,,,,,,,,
16,30,Male,6,C:\Users\geink81\Desktop\ARAMSAM_UserExperiment\User_16\39420224413028_low_1856_annots_structured_sam1,39420224413028,1856,sam1,False,2223,140,0,2,0,0,0,124,266,87,0,2,0,0,0,27,116,27,87,2,19.163793103448278,16_39420224413028,sam1_2,sam1_2_39420224413028,39420224413028_1856,1124.0,892.0,,,41.62963,10.252873,,
16,30,Male,6,C:\Users\geink81\Desktop\ARAMSAM_UserExperiment\User_16\39420224413028_low_1856_annots_structured_sam2,39420224413028,1856,sam2,False,1831,0,166,0,0,2,120,0,288,0,3,0,0,2,110,0,115,110,3,0,15.921739130434782,16_39420224413028,sam2_2,sam2_2_39420224413028,39420224413028_1856,1257.0,20.0,,,11.427273,6.6666665,,
16,30,Male,6,C:\Users\geink81\Desktop\ARAMSAM_UserExperiment\User_16\39420224413028_low_1920_annots_structured_sam1,39420224413028,1920,sam1,True,1537,154,0,0,0,0,0,0,154,124,0,0,0,0,0,0,124,0,124,0,12.39516129032258,16_39420224413028,sam1_1,sam1_1_39420224413028,39420224413028_1920,,1537.0,,,,12.395162,,
16,30,Male,6,C:\Users\geink81\Desktop\ARAMSAM_UserExperiment\User_16\39420224413028_low_1920_annots_structured_sam2,39420224413028,1920,sam2,True,2534,0,180,0,3,2,0,0,185,0,120,0,3,2,0,0,125,0,120,3,20.272,16_39420224413028,sam2_1,sam2_1_39420224413028,39420224413028_1920,,1882.0,182.0,,,15.683333,60.666668,
16,30,Male,6,C:\Users\geink81\Desktop\ARAMSAM_UserExperiment\User_16\39420224413028_low_1920_indicated_annots_polygon,39420224413028,1920,polygon,True,210,0,0,0,0,4,0,0,4,0,0,0,0,3,0,0,3,0,0,0,70.0,16_39420224413028,polygon_1,polygon_1_39420224413028,39420224413028_1920,,,,,,,,
17,28,Male,8,C:\Users\geink81\Desktop\ARAMSAM_UserExperiment\User_17\39320223493024_low_192_annots_structured_sam1,39320223493024,192,sam1,False,1107,120,0,0,0,0,0,69,189,47,0,0,0,0,0,45,92,45,47,0,12.032608695652174,17_39320223493024,sam1_2,sam1_2_39320223493024,39320223493024_192,601.0,506.0,,,13.355556,10.765958,,
17,28,Male,8,C:\Users\geink81\Desktop\ARAMSAM_UserExperiment\User_17\39320223493024_low_192_annots_structured_sam2,39320223493024,192,sam2,False,652,0,129,0,0,0,86,0,215,0,12,0,0,0,83,0,95,83,12,0,6.863157894736842,17_39320223493024,sam2_2,sam2_2_39320223493024,39320223493024_192,566.0,86.0,,,6.8192773,7.1666665,,
17,28,Male,8,C:\Users\geink81\Desktop\ARAMSAM_UserExperiment\User_17\39320223493024_low_256_annots_structured_sam1,39320223493024,256,sam1,True,1395,123,0,3,0,0,0,0,126,87,0,3,0,0,0,0,90,0,87,3,15.5,17_39320223493024,sam1_1,sam1_1_39320223493024,39320223493024_256,,1240.0,155.0,,,14.252873,51.666668,
17,28,Male,8,C:\Users\geink81\Desktop\ARAMSAM_UserExperiment\User_17\39320223493024_low_256_annots_structured_sam2,39320223493024,256,sam2,True,1311,0,135,0,2,0,0,0,137,0,87,0,2,0,0,0,89,0,87,2,14.730337078651685,17_39320223493024,sam2_1,sam2_1_39320223493024,39320223493024_256,,1227.0,,,,14.103448,,
17,28,Male,8,C:\Users\geink81\Desktop\ARAMSAM_UserExperiment\User_17\39320223493024_low_256_indicated_annots_polygon,39320223493024,256,polygon,True,213,0,0,0,0,4,0,0,4,0,0,0,0,3,0,0,3,0,0,0,71.0,17_39320223493024,polygon_1,polygon_1_39320223493024,39320223493024_256,,,,,,,,
17,28,Male,8,C:\Users\geink81\Desktop\ARAMSAM_UserExperiment\User_17\39320223525022_low_2688_annots_structured_sam1,39320223525022,2688,sam1,False,1314,97,0,6,0,0,0,69,172,35,0,5,0,0,0,33,73,33,35,5,18.0,17_39320223525022,sam1_2,sam1_2_39320223525022,39320223525022_2688,717.0,257.0,340.0,,21.727272,7.3428574,68.0,
17,28,Male,8,C:\Users\geink81\Desktop\ARAMSAM_UserExperiment\User_17\39320223525022_low_2688_annots_structured_sam2,39320223525022,2688,sam2,False,616,0,108,0,2,0,66,0,176,0,6,0,2,0,63,0,71,63,6,2,8.67605633802817,17_39320223525022,sam2_2,sam2_2_39320223525022,39320223525022_2688,420.0,77.0,,,6.6666665,12.833333,,
17,28,Male,8,C:\Users\geink81\Desktop\ARAMSAM_UserExperiment\User_17\39320223525022_low_2752_annots_structured_sam1,39320223525022,2752,sam1,True,1567,95,0,2,0,1,0,0,98,67,0,2,0,1,0,0,70,0,67,2,22.385714285714286,17_39320223525022,sam1_1,sam1_1_39320223525022,39320223525022_2752,,642.0,,,,9.582089,,
17,28,Male,8,C:\Users\geink81\Desktop\ARAMSAM_UserExperiment\User_17\39320223525022_low_2752_annots_structured_sam2,39320223525022,2752,sam2,True,794,0,109,0,1,0,0,0,110,0,67,0,1,0,0,0,68,0,67,1,11.676470588235293,17_39320223525022,sam2_1,sam2_1_39320223525022,39320223525022_2752,,794.0,,,,11.850746,,
17,28,Male,8,C:\Users\geink81\Desktop\ARAMSAM_UserExperiment\User_17\39320223525022_low_2752_indicated_annots_polygon,39320223525022,2752,polygon,True,273,0,0,0,0,4,0,0,4,0,0,0,0,3,0,0,3,0,0,0,91.0,17_39320223525022,polygon_1,polygon_1_39320223525022,39320223525022_2752,,,,,,,,
17,28,Male,8,C:\Users\geink81\Desktop\ARAMSAM_UserExperiment\User_17\39420224413028_low_1856_annots_structured_sam1,39420224413028,1856,sam1,False,2332,140,0,3,0,0,0,123,266,82,0,3,0,0,0,31,116,31,82,3,20.103448275862068,17_39420224413028,sam1_2,sam1_2_39420224413028,39420224413028_1856,1348.0,532.0,452.0,,43.48387,6.487805,150.66667,
17,28,Male,8,C:\Users\geink81\Desktop\ARAMSAM_UserExperiment\User_17\39420224413028_low_1856_annots_structured_sam2,39420224413028,1856,sam2,False,764,0,166,0,1,0,118,0,285,0,1,0,1,0,116,0,118,116,1,1,6.47457627118644,17_39420224413028,sam2_2,sam2_2_39420224413028,39420224413028_1856,764.0,,,,6.586207,,,
17,28,Male,8,C:\Users\geink81\Desktop\ARAMSAM_UserExperiment\User_17\39420224413028_low_1920_annots_structured_sam1,39420224413028,1920,sam1,True,878,154,0,0,0,0,0,0,154,123,0,0,0,0,0,0,123,0,123,0,7.138211382113822,17_39420224413028,sam1_1,sam1_1_39420224413028,39420224413028_1920,,878.0,,,,7.1382113,,
17,28,Male,8,C:\Users\geink81\Desktop\ARAMSAM_UserExperiment\User_17\39420224413028_low_1920_annots_structured_sam2,39420224413028,1920,sam2,True,1880,0,180,0,4,0,0,0,184,0,119,0,4,0,0,0,123,0,119,4,15.284552845528456,17_39420224413028,sam2_1,sam2_1_39420224413028,39420224413028_1920,,1568.0,312.0,,,13.176471,78.0,
17,28,Male,8,C:\Users\geink81\Desktop\ARAMSAM_UserExperiment\User_17\39420224413028_low_1920_indicated_annots_polygon,39420224413028,1920,polygon,True,271,0,0,0,0,4,0,0,4,0,0,0,0,3,0,0,3,0,0,0,90.33333333333333,17_39420224413028,polygon_1,polygon_1_39420224413028,39420224413028_1920,,,,,,,,
4,22,Female,9,C:\Users\geink81\Desktop\ARAMSAM_UserExperiment\User_4\39320223493024_low_192_annots_structured_sam1,39320223493024,192,sam1,False,1709,120,0,1,0,0,0,75,196,48,0,1,0,0,0,48,97,48,48,1,17.61855670103093,4_39320223493024,sam1_2,sam1_2_39320223493024,39320223493024_192,1073.0,636.0,,,22.354166,13.25,,
4,22,Female,9,C:\Users\geink81\Desktop\ARAMSAM_UserExperiment\User_4\39320223493024_low_192_annots_structured_sam2,39320223493024,192,sam2,False,1532,0,129,0,0,0,93,0,222,0,7,0,0,0,90,0,97,90,7,0,15.793814432989691,4_39320223493024,sam2_2,sam2_2_39320223493024,39320223493024_192,1405.0,127.0,,,15.611111,18.142857,,
4,22,Female,9,C:\Users\geink81\Desktop\ARAMSAM_UserExperiment\User_4\39320223493024_low_256_annots_structured_sam1,39320223493024,256,sam1,True,1604,123,0,2,0,0,0,0,125,95,0,2,0,0,0,0,97,0,95,2,16.536082474226806,4_39320223493024,sam1_1,sam1_1_39320223493024,39320223493024_256,,1205.0,,,,12.684211,,
4,22,Female,9,C:\Users\geink81\Desktop\ARAMSAM_UserExperiment\User_4\39320223493024_low_256_annots_structured_sam2,39320223493024,256,sam2,True,2304,0,135,0,5,0,0,0,140,0,91,0,5,0,0,0,96,0,91,5,24.0,4_39320223493024,sam2_1,sam2_1_39320223493024,39320223493024_256,,1673.0,631.0,,,18.384615,126.2,
4,22,Female,9,C:\Users\geink81\Desktop\ARAMSAM_UserExperiment\User_4\39320223493024_low_256_annots_structured_sam2_indicated_annots_polygon,39320223493024,256,polygon,True,556,0,0,0,0,4,0,0,4,0,0,0,0,3,0,0,3,0,0,0,185.33333333333334,4_39320223493024,polygon_1,polygon_1_39320223493024,39320223493024_256,,,,,,,,
4,22,Female,9,C:\Users\geink81\Desktop\ARAMSAM_UserExperiment\User_4\39320223525022_low_2688_annots_structured_sam1,39320223525022,2688,sam1,False,2333,97,0,4,0,0,0,67,168,32,0,4,0,0,0,38,74,38,32,4,31.527027027027028,4_39320223525022,sam1_2,sam1_2_39320223525022,39320223525022_2688,1283.0,598.0,452.0,,33.763157,18.6875,113.0,
4,22,Female,9,C:\Users\geink81\Desktop\ARAMSAM_UserExperiment\User_4\39320223525022_low_2688_annots_structured_sam2,39320223525022,2688,sam2,False,3419,0,108,0,4,0,67,0,179,0,4,0,4,0,63,0,71,63,4,4,48.15492957746479,4_39320223525022,sam2_2,sam2_2_39320223525022,39320223525022_2688,1421.0,68.0,1930.0,,22.555555,17.0,482.5,
4,22,Female,9,C:\Users\geink81\Desktop\ARAMSAM_UserExperiment\User_4\39320223525022_low_2752_annots_structured_sam1,39320223525022,2752,sam1,True,943,94,0,0,0,0,0,0,94,68,0,0,0,0,0,0,68,0,68,0,13.867647058823529,4_39320223525022,sam1_1,sam1_1_39320223525022,39320223525022_2752,,943.0,,,,13.867647,,
4,22,Female,9,C:\Users\geink81\Desktop\ARAMSAM_UserExperiment\User_4\39320223525022_low_2752_annots_structured_sam2,39320223525022,2752,sam2,True,3239,0,109,0,2,0,0,0,111,0,67,0,2,0,0,0,69,0,67,2,46.94202898550725,4_39320223525022,sam2_1,sam2_1_39320223525022,39320223525022_2752,,2549.0,,,,38.044777,,
4,22,Female,9,C:\Users\geink81\Desktop\ARAMSAM_UserExperiment\User_4\39320223525022_low_2752_annots_structured_sam2_indicated_annots_polygon,39320223525022,2752,polygon,True,491,0,0,0,0,4,0,0,4,0,0,0,0,3,0,0,3,0,0,0,163.66666666666666,4_39320223525022,polygon_1,polygon_1_39320223525022,39320223525022_2752,,,,,,,,
4,22,Female,9,C:\Users\geink81\Desktop\ARAMSAM_UserExperiment\User_4\39420224413028_low_1856_annots_structured_sam1,39420224413028,1856,sam1,False,3972,140,0,3,0,0,0,124,267,84,0,3,0,0,0,30,117,30,84,3,33.94871794871795,4_39420224413028,sam1_2,sam1_2_39420224413028,39420224413028_1856,2436.0,907.0,629.0,,81.2,10.797619,209.66667,
4,22,Female,9,C:\Users\geink81\Desktop\ARAMSAM_UserExperiment\User_4\39420224413028_low_1856_annots_structured_sam2,39420224413028,1856,sam2,False,2158,0,166,0,1,0,120,0,287,0,3,0,1,0,113,0,117,113,3,1,18.444444444444443,4_39420224413028,sam2_2,sam2_2_39420224413028,39420224413028_1856,1712.0,446.0,,,15.150442,148.66667,,
4,22,Female,9,C:\Users\geink81\Desktop\ARAMSAM_UserExperiment\User_4\39420224413028_low_1920_annots_structured_sam1,39420224413028,1920,sam1,True,1554,154,0,0,0,0,0,0,154,124,0,0,0,0,0,0,124,0,124,0,12.53225806451613,4_39420224413028,sam1_1,sam1_1_39420224413028,39420224413028_1920,,1554.0,,,,12.532258,,
4,22,Female,9,C:\Users\geink81\Desktop\ARAMSAM_UserExperiment\User_4\39420224413028_low_1920_annots_structured_sam2,39420224413028,1920,sam2,True,3628,0,180,0,6,1,0,0,187,0,118,0,6,1,0,0,125,0,118,6,29.024,4_39420224413028,sam2_1,sam2_1_39420224413028,39420224413028_1920,,2133.0,1495.0,,,18.076271,249.16667,
4,22,Female,9,C:\Users\geink81\Desktop\ARAMSAM_UserExperiment\User_4\39420224413028_low_1920_annots_structured_sam2_indicated_annots_polygon,39420224413028,1920,polygon,True,569,0,0,0,0,4,0,0,4,0,0,0,0,3,0,0,3,0,0,0,189.66666666666666,4_39420224413028,polygon_1,polygon_1_39420224413028,39420224413028_1920,,,,,,,,
5,26,Female,6,C:\Users\geink81\Desktop\ARAMSAM_UserExperiment\User_5\39320223493024_low_192_annots_structured_sam1,39320223493024,192,sam1,False,2475,120,0,4,0,1,0,77,202,51,0,4,0,1,0,42,98,42,51,4,25.255102040816325,5_39320223493024,sam1_2,sam1_2_39320223493024,39320223493024_192,1365.0,534.0,576.0,,32.5,10.470589,144.0,
5,26,Female,6,C:\Users\geink81\Desktop\ARAMSAM_UserExperiment\User_5\39320223493024_low_192_annots_structured_sam2,39320223493024,192,sam2,False,687,0,129,0,0,0,94,0,223,0,3,0,0,0,94,0,97,94,3,0,7.082474226804123,5_39320223493024,sam2_2,sam2_2_39320223493024,39320223493024_192,673.0,14.0,,,7.1595745,4.6666665,,
5,26,Female,6,C:\Users\geink81\Desktop\ARAMSAM_UserExperiment\User_5\39320223493024_low_256_annots_structured_sam1,39320223493024,256,sam1,True,2212,123,0,7,0,2,0,0,132,93,0,6,0,2,0,0,101,0,93,6,21.900990099009903,5_39320223493024,sam1_1,sam1_1_39320223493024,39320223493024_256,,1184.0,682.0,,,12.731183,113.666664,
5,26,Female,6,C:\Users\geink81\Desktop\ARAMSAM_UserExperiment\User_5\39320223493024_low_256_annots_structured_sam2,39320223493024,256,sam2,True,4229,0,135,0,6,5,0,0,146,0,88,0,6,5,0,0,99,0,88,6,42.717171717171716,5_39320223493024,sam2_1,sam2_1_39320223493024,39320223493024_256,,1440.0,539.0,2250,,16.363636,89.833336,450.0
5,26,Female,6,C:\Users\geink81\Desktop\ARAMSAM_UserExperiment\User_5\39320223493024_low_256_indicated_annots_polygon,39320223493024,256,polygon,True,344,0,0,0,0,5,0,0,5,0,0,0,0,3,0,0,3,0,0,0,114.66666666666667,5_39320223493024,polygon_1,polygon_1_39320223493024,39320223493024_256,,,,,,,,
5,26,Female,6,C:\Users\geink81\Desktop\ARAMSAM_UserExperiment\User_5\39320223525022_low_2688_annots_structured_sam1,39320223525022,2688,sam1,False,2740,97,0,5,0,2,0,70,174,35,0,4,0,1,0,33,73,33,35,4,37.534246575342465,5_39320223525022,sam1_2,sam1_2_39320223525022,39320223525022_2688,1017.0,581.0,1142.0,,30.818182,16.6,285.5,
5,26,Female,6,C:\Users\geink81\Desktop\ARAMSAM_UserExperiment\User_5\39320223525022_low_2688_annots_structured_sam2,39320223525022,2688,sam2,False,869,0,108,0,1,0,67,0,176,0,4,0,1,0,66,0,71,66,4,1,12.23943661971831,5_39320223525022,sam2_2,sam2_2_39320223525022,39320223525022_2688,512.0,357.0,,,7.757576,89.25,,
5,26,Female,6,C:\Users\geink81\Desktop\ARAMSAM_UserExperiment\User_5\39320223525022_low_2752_annots_structured_sam1,39320223525022,2752,sam1,True,3149,95,0,1,0,5,0,0,101,68,0,0,0,4,0,0,72,0,68,0,43.736111111111114,5_39320223525022,sam1_1,sam1_1_39320223525022,39320223525022_2752,,802.0,,2347,,11.794118,,586.75
5,26,Female,6,C:\Users\geink81\Desktop\ARAMSAM_UserExperiment\User_5\39320223525022_low_2752_annots_structured_sam2,39320223525022,2752,sam2,True,1819,0,109,0,5,0,0,0,114,0,67,0,5,0,0,0,72,0,67,5,25.26388888888889,5_39320223525022,sam2_1,sam2_1_39320223525022,39320223525022_2752,,964.0,855.0,,,14.38806,171.0,
5,26,Female,6,C:\Users\geink81\Desktop\ARAMSAM_UserExperiment\User_5\39320223525022_low_2752_indicated_annots_polygon,39320223525022,2752,polygon,True,282,0,0,0,0,4,0,0,4,0,0,0,0,3,0,0,3,0,0,0,94.0,5_39320223525022,polygon_1,polygon_1_39320223525022,39320223525022_2752,,,,,,,,
5,26,Female,6,C:\Users\geink81\Desktop\ARAMSAM_UserExperiment\User_5\39420224413028_low_1856_annots_structured_sam1,39420224413028,1856,sam1,False,4776,140,0,1,0,3,0,124,268,91,0,1,0,3,0,23,118,23,91,1,40.47457627118644,5_39420224413028,sam1_2,sam1_2_39420224413028,39420224413028_1856,1799.0,1137.0,,1840,78.21739,12.494506,,613.3333
5,26,Female,6,C:\Users\geink81\Desktop\ARAMSAM_UserExperiment\User_5\39420224413028_low_1856_annots_structured_sam2,39420224413028,1856,sam2,False,1353,0,166,0,1,1,121,0,289,0,2,0,1,1,117,0,121,117,2,1,11.181818181818182,5_39420224413028,sam2_2,sam2_2_39420224413028,39420224413028_1856,736.0,,,,6.2905984,,,
5,26,Female,6,C:\Users\geink81\Desktop\ARAMSAM_UserExperiment\User_5\39420224413028_low_1920_annots_structured_sam1,39420224413028,1920,sam1,True,1848,154,0,0,0,0,0,0,154,124,0,0,0,0,0,0,124,0,124,0,14.903225806451612,5_39420224413028,sam1_1,sam1_1_39420224413028,39420224413028_1920,,1848.0,,,,14.903226,,
5,26,Female,6,C:\Users\geink81\Desktop\ARAMSAM_UserExperiment\User_5\39420224413028_low_1920_annots_structured_sam2,39420224413028,1920,sam2,True,3936,0,180,0,5,3,0,0,188,0,119,0,3,3,0,0,125,0,119,3,31.488,5_39420224413028,sam2_1,sam2_1_39420224413028,39420224413028_1920,,1761.0,1339.0,836,,14.798319,446.33334,278.66666
5,26,Female,6,C:\Users\geink81\Desktop\ARAMSAM_UserExperiment\User_5\39420224413028_low_1920_indicated_annots_polygon,39420224413028,1920,polygon,True,292,0,0,0,0,4,0,0,4,0,0,0,0,3,0,0,3,0,0,0,97.33333333333333,5_39420224413028,polygon_1,polygon_1_39420224413028,39420224413028_1920,,,,,,,,
6,31,Male,5,C:\Users\geink81\Desktop\ARAMSAM_UserExperiment\User_6\39320223493024_low_192_annots_structured_sam1,39320223493024,192,sam1,False,2995,120,0,2,0,0,0,67,189,51,0,2,0,0,0,37,90,37,51,2,33.27777777777778,6_39320223493024,sam1_2,sam1_2_39320223493024,39320223493024_192,1761.0,1005.0,,,47.594593,19.705883,,
6,31,Male,5,C:\Users\geink81\Desktop\ARAMSAM_UserExperiment\User_6\39320223493024_low_192_annots_structured_sam2,39320223493024,192,sam2,False,1344,0,129,0,5,0,85,0,219,0,0,0,5,0,81,0,86,81,0,5,15.627906976744185,6_39320223493024,sam2_2,sam2_2_39320223493024,39320223493024_192,1200.0,,144.0,,14.814815,,28.8,
6,31,Male,5,C:\Users\geink81\Desktop\ARAMSAM_UserExperiment\User_6\39320223493024_low_256_annots_structured_sam1,39320223493024,256,sam1,True,2493,123,0,5,0,1,0,0,129,84,0,5,0,1,0,0,90,0,84,5,27.7,6_39320223493024,sam1_1,sam1_1_39320223493024,39320223493024_256,,1335.0,1158.0,,,15.892858,231.6,
6,31,Male,5,C:\Users\geink81\Desktop\ARAMSAM_UserExperiment\User_6\39320223493024_low_256_annots_structured_sam2,39320223493024,256,sam2,True,2481,0,135,0,7,0,0,0,142,0,83,0,6,0,0,0,89,0,83,6,27.876404494382022,6_39320223493024,sam2_1,sam2_1_39320223493024,39320223493024_256,,1585.0,896.0,,,19.096386,149.33333,
6,31,Male,5,C:\Users\geink81\Desktop\ARAMSAM_UserExperiment\User_6\39320223493024_low_256_indicated_annots_polygon,39320223493024,256,polygon,True,439,0,0,0,0,4,0,0,4,0,0,0,0,3,0,0,3,0,0,0,146.33333333333334,6_39320223493024,polygon_1,polygon_1_39320223493024,39320223493024_256,,,,,,,,
6,31,Male,5,C:\Users\geink81\Desktop\ARAMSAM_UserExperiment\User_6\39320223525022_low_2688_annots_structured_sam1,39320223525022,2688,sam1,False,3226,97,0,7,0,0,0,60,164,33,0,7,0,0,0,33,73,33,33,7,44.19178082191781,6_39320223525022,sam1_2,sam1_2_39320223525022,39320223525022_2688,1681.0,517.0,1028.0,,50.939392,15.666667,146.85715,
6,31,Male,5,C:\Users\geink81\Desktop\ARAMSAM_UserExperiment\User_6\39320223525022_low_2688_annots_structured_sam2,39320223525022,2688,sam2,False,1992,0,108,0,3,0,65,0,176,0,3,0,3,0,63,0,69,63,3,3,28.869565217391305,6_39320223525022,sam2_2,sam2_2_39320223525022,39320223525022_2688,1179.0,60.0,753.0,,18.714285,20.0,251.0,
6,31,Male,5,C:\Users\geink81\Desktop\ARAMSAM_UserExperiment\User_6\39320223525022_low_2752_annots_structured_sam1,39320223525022,2752,sam1,True,1090,95,0,0,0,0,0,0,95,60,0,0,0,0,0,0,60,0,60,0,18.166666666666668,6_39320223525022,sam1_1,sam1_1_39320223525022,39320223525022_2752,,1090.0,,,,18.166666,,
6,31,Male,5,C:\Users\geink81\Desktop\ARAMSAM_UserExperiment\User_6\39320223525022_low_2752_annots_structured_sam2,39320223525022,2752,sam2,True,2061,0,109,0,5,0,0,0,114,0,62,0,5,0,0,0,67,0,62,5,30.761194029850746,6_39320223525022,sam2_1,sam2_1_39320223525022,39320223525022_2752,,1651.0,410.0,,,26.629032,82.0,
6,31,Male,5,C:\Users\geink81\Desktop\ARAMSAM_UserExperiment\User_6\39320223525022_low_2752_indicated_annots_polygon,39320223525022,2752,polygon,True,309,0,0,0,0,4,0,0,4,0,0,0,0,3,0,0,3,0,0,0,103.0,6_39320223525022,polygon_1,polygon_1_39320223525022,39320223525022_2752,,,,,,,,
6,31,Male,5,C:\Users\geink81\Desktop\ARAMSAM_UserExperiment\User_6\39420224413028_low_1856_annots_structured_sam1,39420224413028,1856,sam1,False,4807,140,0,7,0,0,0,122,269,83,0,7,0,0,0,25,115,25,83,7,41.8,6_39420224413028,sam1_2,sam1_2_39420224413028,39420224413028_1856,1965.0,1746.0,1096.0,,78.6,21.036144,156.57143,
6,31,Male,5,C:\Users\geink81\Desktop\ARAMSAM_UserExperiment\User_6\39420224413028_low_1856_annots_structured_sam2,39420224413028,1856,sam2,False,3362,0,166,0,2,2,119,0,289,0,0,0,2,2,114,0,118,114,0,2,28.491525423728813,6_39420224413028,sam2_2,sam2_2_39420224413028,39420224413028_1856,1623.0,,,,14.236842,,,
6,31,Male,5,C:\Users\geink81\Desktop\ARAMSAM_UserExperiment\User_6\39420224413028_low_1920_annots_structured_sam1,39420224413028,1920,sam1,True,2191,154,0,0,0,0,0,0,154,122,0,0,0,0,0,0,122,0,122,0,17.959016393442624,6_39420224413028,sam1_1,sam1_1_39420224413028,39420224413028_1920,,2191.0,,,,17.959017,,
6,31,Male,5,C:\Users\geink81\Desktop\ARAMSAM_UserExperiment\User_6\39420224413028_low_1920_annots_structured_sam2,39420224413028,1920,sam2,True,4548,0,180,0,7,3,0,0,190,0,117,0,4,3,0,0,124,0,117,4,36.67741935483871,6_39420224413028,sam2_1,sam2_1_39420224413028,39420224413028_1920,,2043.0,1680.0,825,,17.461538,420.0,275.0
6,31,Male,5,C:\Users\geink81\Desktop\ARAMSAM_UserExperiment\User_6\39420224413028_low_1920_indicated_annots_polygon,39420224413028,1920,polygon,True,265,0,0,0,0,4,0,0,4,0,0,0,0,3,0,0,3,0,0,0,88.33333333333333,6_39420224413028,polygon_1,polygon_1_39420224413028,39420224413028_1920,,,,,,,,
8,30,Male,9,C:\Users\geink81\Desktop\ARAMSAM_UserExperiment\User_8\39320223493024_low_192_annots_structured_sam1,39320223493024,192,sam1,False,1948,120,0,2,0,0,0,68,190,47,0,2,0,0,0,42,91,42,47,2,21.406593406593405,8_39320223493024,sam1_2,sam1_2_39320223493024,39320223493024_192,1076.0,601.0,,,25.619047,12.787234,,
8,30,Male,9,C:\Users\geink81\Desktop\ARAMSAM_UserExperiment\User_8\39320223493024_low_192_annots_structured_sam2,39320223493024,192,sam2,False,1510,0,129,0,1,0,83,0,213,0,8,0,1,0,80,0,89,80,8,1,16.96629213483146,8_39320223493024,sam2_2,sam2_2_39320223493024,39320223493024_192,1192.0,318.0,,,14.9,39.75,,
8,30,Male,9,C:\Users\geink81\Desktop\ARAMSAM_UserExperiment\User_8\39320223493024_low_256_annots_structured_sam1,39320223493024,256,sam1,True,1865,123,0,4,0,0,0,0,127,86,0,4,0,0,0,0,90,0,86,4,20.72222222222222,8_39320223493024,sam1_1,sam1_1_39320223493024,39320223493024_256,,1408.0,457.0,,,16.372093,114.25,
8,30,Male,9,C:\Users\geink81\Desktop\ARAMSAM_UserExperiment\User_8\39320223493024_low_256_annots_structured_sam2,39320223493024,256,sam2,True,1692,0,135,0,4,0,0,0,139,0,83,0,4,0,0,0,87,0,83,4,19.448275862068964,8_39320223493024,sam2_1,sam2_1_39320223493024,39320223493024_256,,1290.0,402.0,,,15.542169,100.5,
8,30,Male,9,C:\Users\geink81\Desktop\ARAMSAM_UserExperiment\User_8\39320223493024_low_256_indicated_annots_polygon,39320223493024,256,polygon,True,276,0,0,0,0,4,0,0,4,0,0,0,0,3,0,0,3,0,0,0,92.0,8_39320223493024,polygon_1,polygon_1_39320223493024,39320223493024_256,,,,,,,,
8,30,Male,9,C:\Users\geink81\Desktop\ARAMSAM_UserExperiment\User_8\39320223525022_low_2688_annots_structured_sam1,39320223525022,2688,sam1,False,1750,97,0,4,0,0,0,67,168,33,0,4,0,0,0,35,72,35,33,4,24.305555555555557,8_39320223525022,sam1_2,sam1_2_39320223525022,39320223525022_2688,975.0,333.0,442.0,,27.857143,10.090909,110.5,
8,30,Male,9,C:\Users\geink81\Desktop\ARAMSAM_UserExperiment\User_8\39320223525022_low_2688_annots_structured_sam2,39320223525022,2688,sam2,False,755,0,108,0,2,0,66,0,176,0,4,0,2,0,65,0,71,65,4,2,10.633802816901408,8_39320223525022,sam2_2,sam2_2_39320223525022,39320223525022_2688,530.0,24.0,,,8.153846,6.0,,
8,30,Male,9,C:\Users\geink81\Desktop\ARAMSAM_UserExperiment\User_8\39320223525022_low_2752_annots_structured_sam1,39320223525022,2752,sam1,True,1396,94,0,3,0,0,0,0,97,66,0,3,0,0,0,0,69,0,66,3,20.231884057971016,8_39320223525022,sam1_1,sam1_1_39320223525022,39320223525022_2752,,773.0,623.0,,,11.712121,207.66667,
8,30,Male,9,C:\Users\geink81\Desktop\ARAMSAM_UserExperiment\User_8\39320223525022_low_2752_annots_structured_sam2,39320223525022,2752,sam2,True,1442,0,109,0,4,0,0,0,113,0,66,0,4,0,0,0,70,0,66,4,20.6,8_39320223525022,sam2_1,sam2_1_39320223525022,39320223525022_2752,,1032.0,410.0,,,15.636364,102.5,
8,30,Male,9,C:\Users\geink81\Desktop\ARAMSAM_UserExperiment\User_8\39320223525022_low_2752_indicated_annots_polygon,39320223525022,2752,polygon,True,186,0,0,0,0,4,0,0,4,0,0,0,0,3,0,0,3,0,0,0,62.0,8_39320223525022,polygon_1,polygon_1_39320223525022,39320223525022_2752,,,,,,,,
8,30,Male,9,C:\Users\geink81\Desktop\ARAMSAM_UserExperiment\User_8\39420224413028_low_1856_annots_structured_sam1,39420224413028,1856,sam1,False,2998,140,0,1,0,0,0,123,264,83,0,1,0,0,0,30,114,30,83,1,26.29824561403509,8_39420224413028,sam1_2,sam1_2_39420224413028,39420224413028_1856,1869.0,1129.0,,,62.3,13.602409,,
8,30,Male,9,C:\Users\geink81\Desktop\ARAMSAM_UserExperiment\User_8\39420224413028_low_1856_annots_structured_sam2,39420224413028,1856,sam2,False,2837,0,166,0,7,0,119,0,292,0,0,0,7,0,112,0,119,112,0,7,23.840336134453782,8_39420224413028,sam2_2,sam2_2_39420224413028,39420224413028_1856,2107.0,,730.0,,18.8125,,104.28571,
8,30,Male,9,C:\Users\geink81\Desktop\ARAMSAM_UserExperiment\User_8\39420224413028_low_1920_annots_structured_sam1,39420224413028,1920,sam1,True,1381,154,0,0,0,0,0,0,154,123,0,0,0,0,0,0,123,0,123,0,11.227642276422765,8_39420224413028,sam1_1,sam1_1_39420224413028,39420224413028_1920,,1381.0,,,,11.227642,,
8,30,Male,9,C:\Users\geink81\Desktop\ARAMSAM_UserExperiment\User_8\39420224413028_low_1920_annots_structured_sam2,39420224413028,1920,sam2,True,2870,0,180,0,6,0,0,0,186,0,119,0,5,0,0,0,124,0,119,5,23.14516129032258,8_39420224413028,sam2_1,sam2_1_39420224413028,39420224413028_1920,,1774.0,1096.0,,,14.907563,219.2,
8,30,Male,9,C:\Users\geink81\Desktop\ARAMSAM_UserExperiment\User_8\39420224413028_low_1920_indicated_annots_polygon,39420224413028,1920,polygon,True,310,0,0,0,0,4,0,0,4,0,0,0,0,3,0,0,3,0,0,0,103.33333333333333,8_39420224413028,polygon_1,polygon_1_39420224413028,39420224413028_1920,,,,,,,,
9,26,Male,6,C:\Users\geink81\Desktop\ARAMSAM_UserExperiment\User_9\39320223493024_low_192_annots_structured_sam1,39320223493024,192,sam1,False,2069,120,0,2,0,0,0,73,195,49,0,2,0,0,0,42,93,42,49,2,22.247311827956988,9_39320223493024,sam1_2,sam1_2_39320223493024,39320223493024_192,1218.0,519.0,,,29.0,10.591837,,
9,26,Male,6,C:\Users\geink81\Desktop\ARAMSAM_UserExperiment\User_9\39320223493024_low_192_annots_structured_sam2,39320223493024,192,sam2,False,1140,0,129,0,0,0,90,0,219,0,13,0,0,0,83,0,96,83,13,0,11.875,9_39320223493024,sam2_2,sam2_2_39320223493024,39320223493024_192,927.0,213.0,,,11.168674,16.384615,,
9,26,Male,6,C:\Users\geink81\Desktop\ARAMSAM_UserExperiment\User_9\39320223493024_low_256_annots_structured_sam1,39320223493024,256,sam1,True,1312,123,0,1,0,0,0,0,124,92,0,1,0,0,0,0,93,0,92,1,14.10752688172043,9_39320223493024,sam1_1,sam1_1_39320223493024,39320223493024_256,,1312.0,,,,14.26087,,
9,26,Male,6,C:\Users\geink81\Desktop\ARAMSAM_UserExperiment\User_9\39320223493024_low_256_annots_structured_sam2,39320223493024,256,sam2,True,1720,0,135,0,2,0,0,0,137,0,91,0,2,0,0,0,93,0,91,2,18.49462365591398,9_39320223493024,sam2_1,sam2_1_39320223493024,39320223493024_256,,1540.0,,,,16.923077,,
9,26,Male,6,C:\Users\geink81\Desktop\ARAMSAM_UserExperiment\User_9\39320223493024_low_256_indicated_annots_polygon,39320223493024,256,polygon,True,242,0,0,0,0,4,0,0,4,0,0,0,0,3,0,0,3,0,0,0,80.66666666666667,9_39320223493024,polygon_1,polygon_1_39320223493024,39320223493024_256,,,,,,,,
9,26,Male,6,C:\Users\geink81\Desktop\ARAMSAM_UserExperiment\User_9\39320223525022_low_2688_annots_structured_sam1,39320223525022,2688,sam1,False,2659,97,0,2,0,2,0,62,163,28,0,2,0,2,0,35,67,35,28,2,39.6865671641791,9_39320223525022,sam1_2,sam1_2_39320223525022,39320223525022_2688,1029.0,336.0,,,29.4,12.0,,
9,26,Male,6,C:\Users\geink81\Desktop\ARAMSAM_UserExperiment\User_9\39320223525022_low_2688_annots_structured_sam2,39320223525022,2688,sam2,False,1741,0,108,0,6,2,63,0,179,0,0,0,6,2,60,0,68,60,0,6,25.602941176470587,9_39320223525022,sam2_2,sam2_2_39320223525022,39320223525022_2688,834.0,,256.0,,13.9,,42.666668,
9,26,Male,6,C:\Users\geink81\Desktop\ARAMSAM_UserExperiment\User_9\39320223525022_low_2752_annots_structured_sam1,39320223525022,2752,sam1,True,1130,95,0,0,0,0,0,0,95,63,0,0,0,0,0,0,63,0,63,0,17.936507936507937,9_39320223525022,sam1_1,sam1_1_39320223525022,39320223525022_2752,,1130.0,,,,17.936508,,
9,26,Male,6,C:\Users\geink81\Desktop\ARAMSAM_UserExperiment\User_9\39320223525022_low_2752_annots_structured_sam2,39320223525022,2752,sam2,True,929,0,109,0,0,0,0,0,109,0,64,0,0,0,0,0,64,0,64,0,14.515625,9_39320223525022,sam2_1,sam2_1_39320223525022,39320223525022_2752,,929.0,,,,14.515625,,
9,26,Male,6,C:\Users\geink81\Desktop\ARAMSAM_UserExperiment\User_9\39320223525022_low_2752_indicated_annots_polygon,39320223525022,2752,polygon,True,263,0,0,0,0,4,0,0,4,0,0,0,0,3,0,0,3,0,0,0,87.66666666666667,9_39320223525022,polygon_1,polygon_1_39320223525022,39320223525022_2752,,,,,,,,
9,26,Male,6,C:\Users\geink81\Desktop\ARAMSAM_UserExperiment\User_9\39420224413028_low_1856_annots_structured_sam1,39420224413028,1856,sam1,False,3864,140,0,5,0,1,0,124,270,84,0,5,0,1,0,25,115,25,84,5,33.6,9_39420224413028,sam1_2,sam1_2_39420224413028,39420224413028_1856,1544.0,899.0,1421.0,,61.76,10.702381,284.2,
9,26,Male,6,C:\Users\geink81\Desktop\ARAMSAM_UserExperiment\User_9\39420224413028_low_1856_annots_structured_sam2,39420224413028,1856,sam2,False,1,0,166,0,0,0,119,0,285,0,0,0,0,0,118,0,118,118,0,0,0.00847457627118644,9_39420224413028,sam2_2,sam2_2_39420224413028,39420224413028_1856,1.0,,,,0.008474576,,,
9,26,Male,6,C:\Users\geink81\Desktop\ARAMSAM_UserExperiment\User_9\39420224413028_low_1920_annots_structured_sam1,39420224413028,1920,sam1,True,1670,154,0,1,0,0,0,0,155,123,0,1,0,0,0,0,124,0,123,1,13.46774193548387,9_39420224413028,sam1_1,sam1_1_39420224413028,39420224413028_1920,,1670.0,,,,13.577236,,
9,26,Male,6,C:\Users\geink81\Desktop\ARAMSAM_UserExperiment\User_9\39420224413028_low_1920_annots_structured_sam2,39420224413028,1920,sam2,True,3243,0,180,0,7,0,0,0,187,0,116,0,7,0,0,0,123,0,116,7,26.365853658536587,9_39420224413028,sam2_1,sam2_1_39420224413028,39420224413028_1920,,2591.0,652.0,,,22.336206,93.14286,
9,26,Male,6,C:\Users\geink81\Desktop\ARAMSAM_UserExperiment\User_9\39420224413028_low_1920_indicated_annots_polygon,39420224413028,1920,polygon,True,209,0,0,0,0,6,0,0,6,0,0,0,0,3,0,0,3,0,0,0,69.66666666666667,9_39420224413028,polygon_1,polygon_1_39420224413028,39420224413028_1920,,,,,,,,
