points_per_side,points_per_batch,pred_iou_thresh,stability_score_thresh,stability_score_offset,box_nms_thresh,crop_n_layers,crop_nms_thresh,crop_n_points_downscale_factor,recall,precision,predictions,ground_truth,TP,FP,FN,mean_iou_of_tp,std_iou_of_tp,f_beta
32,128,0.72,0.92,0.7,0.7,0,0.7,1,0.5755431622526358,0.7094697034755658,86.6,109.6,60.7,25.9,48.9,0.8853527307510376,0.03519552163779732,0.5864773331922161
32,128,0.72,0.92,0.7,0.7,0,0.7,2,0.5755431622526358,0.7094697034755658,86.6,109.6,60.7,25.9,48.9,0.8853527307510376,0.03519552163779732,0.5864773331922161
32,128,0.72,0.92,0.7,0.7,0,0.7,4,0.5755431622526358,0.7094697034755658,86.6,109.6,60.7,25.9,48.9,0.8853527307510376,0.03519552163779732,0.5864773331922161
32,128,0.72,0.92,0.7,0.7,1,0.7,1,0.7573183411401275,0.6832309943667794,121.3,109.6,82.3,39.0,27.3,0.9027384221553802,0.03615004923194644,0.7353072380661538
32,128,0.72,0.92,0.7,0.7,1,0.7,2,0.6998892745737576,0.7142867134644277,106.5,109.6,75.5,31.0,34.1,0.9038114368915557,0.034583219885826064,0.6947753175868344
32,128,0.72,0.92,0.7,0.7,1,0.7,4,0.6366558057676656,0.7215006400374115,95.3,109.6,68.1,27.2,41.5,0.8957775473594666,0.037515352293848954,0.6435641982698839
32,128,0.72,0.92,0.7,0.7,2,0.7,1,0.7583440884362741,0.641640491660471,130.4,109.6,82.5,47.9,27.1,0.9025040388107299,0.0354885127395391,0.7242211586220029
32,128,0.72,0.92,0.7,0.7,2,0.7,2,0.7067276363647916,0.7011479959085866,109.7,109.6,76.2,33.5,33.4,0.9046804666519165,0.03429499305784698,0.6974517652132064
32,128,0.72,0.92,0.7,0.7,2,0.7,4,0.6400766593970535,0.7180684496507611,96.4,109.6,68.5,27.9,41.1,0.8963725328445434,0.03744951188564295,0.6457956229691357
32,128,0.72,0.92,1.0,0.7,0,0.7,1,0.33989213493969395,0.755528775245683,46.4,109.6,35.7,10.7,73.9,0.8967213153839111,0.03160586096346374,0.37395534329513314
32,128,0.72,0.92,1.0,0.7,0,0.7,2,0.33989213493969395,0.755528775245683,46.4,109.6,35.7,10.7,73.9,0.8967213153839111,0.03160586096346374,0.37395534329513314
32,128,0.72,0.92,1.0,0.7,0,0.7,4,0.33989213493969395,0.755528775245683,46.4,109.6,35.7,10.7,73.9,0.8967213153839111,0.03160586096346374,0.37395534329513314
32,128,0.72,0.92,1.0,0.7,1,0.7,1,0.5221327091235893,0.7809143009655866,73.1,109.6,57.1,16.0,52.5,0.9128587007522583,0.03405650295317169,0.5519343782509218
32,128,0.72,0.92,1.0,0.7,1,0.7,2,0.4709395315588846,0.7961281305452584,63.7,109.6,50.9,12.8,58.7,0.912872439622879,0.03223316352814433,0.5054981335349769
32,128,0.72,0.92,1.0,0.7,1,0.7,4,0.3902631865891913,0.7759195193444683,53.7,109.6,41.8,11.9,67.8,0.9064865231513977,0.03450883105397219,0.4264986335605741
32,128,0.72,0.92,1.0,0.7,2,0.7,1,0.5234799339350419,0.7521530554051392,76.6,109.6,57.3,19.3,52.3,0.9135437250137329,0.03406855668872589,0.5496619774286422
32,128,0.72,0.92,1.0,0.7,2,0.7,2,0.47396112935618556,0.7836502346945472,65.3,109.6,51.3,14.0,58.3,0.9136265456676483,0.03132345788180823,0.5076284405839918
32,128,0.72,0.92,1.0,0.7,2,0.7,4,0.3930681528379859,0.7771854596537022,54.0,109.6,42.1,11.9,67.5,0.906560093164444,0.03445328008383508,0.42940835717536513
32,128,0.72,0.92,1.3,0.7,0,0.7,1,0.13496634087781695,0.7471478521478522,17.0,109.6,14.1,2.9,95.5,0.9103725817468431,0.030521953245624837,0.15914917984199567
32,128,0.72,0.92,1.3,0.7,0,0.7,2,0.13496634087781695,0.7471478521478522,17.0,109.6,14.1,2.9,95.5,0.9103725817468431,0.030521953245624837,0.15914917984199567
32,128,0.72,0.92,1.3,0.7,0,0.7,4,0.13496634087781695,0.7471478521478522,17.0,109.6,14.1,2.9,95.5,0.9103725817468431,0.030521953245624837,0.15914917984199567
32,128,0.72,0.92,1.3,0.7,1,0.7,1,0.2500840388355668,0.8167875059722884,32.9,109.6,27.5,5.4,82.1,0.9220094323158264,0.028769127745181276,0.28606124870586325
32,128,0.72,0.92,1.3,0.7,1,0.7,2,0.20888141869429236,0.8365774764344641,26.3,109.6,22.7,3.6,86.9,0.9237909078598022,0.0280267216265201,0.24184130178545787
32,128,0.72,0.92,1.3,0.7,1,0.7,4,0.17076776849477943,0.8177915516403743,21.6,109.6,18.2,3.4,91.4,0.9189402043819428,0.02899406095966691,0.19999134985301315
32,128,0.72,0.92,1.3,0.7,2,0.7,1,0.2508193329532139,0.7880704258530346,34.2,109.6,27.6,6.6,82.0,0.9226361572742462,0.029061564337462143,0.28608829335259867
32,128,0.72,0.92,1.3,0.7,2,0.7,2,0.2080339610671737,0.8118786460251073,26.7,109.6,22.6,4.1,87.0,0.9242509603500366,0.02788773179054254,0.24080068328780416
32,128,0.72,0.92,1.3,0.7,2,0.7,4,0.17158744062592696,0.8225534564022791,21.7,109.6,18.3,3.4,91.3,0.9183851718902588,0.02912622475996608,0.2009932718832767
32,128,0.72,0.95,0.7,0.7,0,0.7,1,0.25214634253366197,0.7746614304702539,33.4,109.6,26.6,6.8,83.0,0.9026624023914337,0.02943620942533014,0.28645437099937665
32,128,0.72,0.95,0.7,0.7,0,0.7,2,0.25214634253366197,0.7746614304702539,33.4,109.6,26.6,6.8,83.0,0.9026624023914337,0.02943620942533014,0.28645437099937665
32,128,0.72,0.95,0.7,0.7,0,0.7,4,0.25214634253366197,0.7746614304702539,33.4,109.6,26.6,6.8,83.0,0.9026624023914337,0.02943620942533014,0.28645437099937665
32,128,0.72,0.95,0.7,0.7,1,0.7,1,0.4167428603869604,0.8133592522022809,56.8,109.6,45.8,11.0,63.8,0.9183621644973755,0.03030234351754183,0.4547852840906996
32,128,0.72,0.95,0.7,0.7,1,0.7,2,0.36640584668784254,0.8398999118769185,47.7,109.6,39.9,7.8,69.7,0.9171416342258454,0.03210410270839925,0.40704511788775266
32,128,0.72,0.95,0.7,0.7,1,0.7,4,0.2940871596541418,0.8042509252296421,39.2,109.6,31.5,7.7,78.1,0.9125650525093079,0.031238778121769378,0.33186886446569247
32,128,0.72,0.95,0.7,0.7,2,0.7,1,0.4173547910807659,0.7736363908668613,60.0,109.6,45.9,14.1,63.7,0.9188086986541748,0.03045134823769327,0.4527238911635094
32,128,0.72,0.95,0.7,0.7,2,0.7,2,0.3686283146223848,0.817918902099431,49.1,109.6,40.2,8.9,69.4,0.9171854019165039,0.03187983334064481,0.4085515434524899
32,128,0.72,0.95,0.7,0.7,2,0.7,4,0.29564212590293637,0.8058982508265476,39.4,109.6,31.7,7.7,77.9,0.9125901579856872,0.031203232333064018,0.3336177687462329
32,128,0.72,0.95,1.0,0.7,0,0.7,1,0.04013628362332247,0.5634920634920635,5.3,109.6,4.1,1.2,105.5,0.7972417920827866,0.0238994534593075,0.04915943345146166
32,128,0.72,0.95,1.0,0.7,0,0.7,2,0.04013628362332247,0.5634920634920635,5.3,109.6,4.1,1.2,105.5,0.7972417920827866,0.0238994534593075,0.04915943345146166
32,128,0.72,0.95,1.0,0.7,0,0.7,4,0.04013628362332247,0.5634920634920635,5.3,109.6,4.1,1.2,105.5,0.7972417920827866,0.0238994534593075,0.04915943345146166
32,128,0.72,0.95,1.0,0.7,1,0.7,1,0.09410753991227624,0.7501082251082252,12.5,109.6,10.2,2.3,99.4,0.9312657654285431,0.028600087203085378,0.11335966039113557
32,128,0.72,0.95,1.0,0.7,1,0.7,2,0.07017823668702995,0.6842075163398692,9.2,109.6,7.5,1.7,102.1,0.9265951580471463,0.032620501820929314,0.08523335221004955
32,128,0.72,0.95,1.0,0.7,1,0.7,4,0.05623963322371116,0.7084090909090909,7.4,109.6,5.8,1.6,103.8,0.9247693836688995,0.031101144268177387,0.06853455570858563
32,128,0.72,0.95,1.0,0.7,2,0.7,1,0.0949622407669771,0.69499666999667,13.5,109.6,10.3,3.2,99.3,0.9308061599731445,0.028608410339802447,0.11415649300991186
32,128,0.72,0.95,1.0,0.7,2,0.7,2,0.07017823668702995,0.6575408496732026,9.4,109.6,7.5,1.9,102.1,0.9267294936709933,0.03281657700426874,0.08522508984859106
32,128,0.72,0.95,1.0,0.7,2,0.7,4,0.05623963322371116,0.7084090909090909,7.4,109.6,5.8,1.6,103.8,0.9247693836688995,0.031101144268177387,0.06853455570858563
32,128,0.72,0.95,1.3,0.7,0,0.7,1,0.00283275174476569,0.18333333333333332,0.8,109.6,0.3,0.5,109.3,0.33316880464553833,0.0,0.0035239540942284355
32,128,0.72,0.95,1.3,0.7,0,0.7,2,0.00283275174476569,0.18333333333333332,0.8,109.6,0.3,0.5,109.3,0.33316880464553833,0.0,0.0035239540942284355
32,128,0.72,0.95,1.3,0.7,0,0.7,4,0.00283275174476569,0.18333333333333332,0.8,109.6,0.3,0.5,109.3,0.33316880464553833,0.0,0.0035239540942284355
32,128,0.72,0.95,1.3,0.7,1,0.7,1,0.00714441230642624,0.425,1.6,96.3,0.8,0.8,95.5,0.7955709014620099,0.0021545444615185,0.008884208455423436
32,128,0.72,0.95,1.3,0.7,1,0.7,2,0.00454215345416739,0.375,1.3,96.3,0.5,0.8,95.8,0.7615446150302887,0.0,0.005654482157363335
32,128,0.72,0.95,1.3,0.7,1,0.7,4,0.00454215345416739,0.275,1.3,84.6,0.5,0.8,84.1,0.610672136147817,0.002024509788801267,0.005649945570010616
32,128,0.72,0.95,1.3,0.7,2,0.7,1,0.00714441230642624,0.3583333333333333,2.0,109.6,0.8,1.2,108.8,0.9284037252267202,0.0032240091823041,0.008879757529861958
32,128,0.72,0.95,1.3,0.7,2,0.7,2,0.00454215345416739,0.375,1.4,96.3,0.5,0.9,95.8,0.7615446150302887,0.0,0.005654482157363335
32,128,0.72,0.95,1.3,0.7,2,0.7,4,0.00454215345416739,0.275,1.3,84.6,0.5,0.8,84.1,0.610672136147817,0.002024509788801267,0.005649945570010616
32,128,0.72,0.98,0.7,0.7,0,0.7,1,0.0,0.0,0.3,109.6,0.0,0.3,109.6,0.0,0.0,0.0
32,128,0.72,0.98,0.7,0.7,0,0.7,2,0.0,0.0,0.3,109.6,0.0,0.3,109.6,0.0,0.0,0.0
32,128,0.72,0.98,0.7,0.7,0,0.7,4,0.0,0.0,0.3,109.6,0.0,0.3,109.6,0.0,0.0,0.0
32,128,0.72,0.98,0.7,0.7,1,0.7,1,0.0017094017094016999,0.1,0.7,64.8,0.2,0.5,64.6,0.19415366649627688,0.00098445769399404,0.002127659521502932
32,128,0.72,0.98,0.7,0.7,1,0.7,2,0.0,0.0,0.4,40.9,0.0,0.4,40.9,0.0,0.0,0.0
32,128,0.72,0.98,0.7,0.7,1,0.7,4,0.0,0.0,0.4,40.9,0.0,0.4,40.9,0.0,0.0,0.0
32,128,0.72,0.98,0.7,0.7,2,0.7,1,0.0017094017094016999,0.1,1.0,76.6,0.2,0.8,76.4,0.2426920831203461,0.00123057211749255,0.002127659521502932
32,128,0.72,0.98,0.7,0.7,2,0.7,2,0.0,0.0,0.5,53.1,0.0,0.5,53.1,0.0,0.0,0.0
32,128,0.72,0.98,0.7,0.7,2,0.7,4,0.0,0.0,0.4,40.9,0.0,0.4,40.9,0.0,0.0,0.0
32,128,0.72,0.98,1.0,0.7,0,0.7,1,0.0,0.0,0.0,109.6,0.0,0.0,109.6,0.0,0.0,0.0
32,128,0.72,0.98,1.0,0.7,0,0.7,2,0.0,0.0,0.0,109.6,0.0,0.0,109.6,0.0,0.0,0.0
32,128,0.72,0.98,1.0,0.7,0,0.7,4,0.0,0.0,0.0,109.6,0.0,0.0,109.6,0.0,0.0,0.0
32,128,0.72,0.98,1.0,0.7,1,0.7,1,0.0,0.0,0.1,11.2,0.0,0.1,11.2,0.0,0.0,0.0
32,128,0.72,0.98,1.0,0.7,1,0.7,2,0.0,0.0,0.0,0.0,0.0,0.0,0.0,0.0,0.0,0.0
32,128,0.72,0.98,1.0,0.7,1,0.7,4,0.0,0.0,0.0,0.0,0.0,0.0,0.0,0.0,0.0,0.0
32,128,0.72,0.98,1.0,0.7,2,0.7,1,0.0,0.0,0.2,23.4,0.0,0.2,23.4,0.0,0.0,0.0
32,128,0.72,0.98,1.0,0.7,2,0.7,2,0.0,0.0,0.0,0.0,0.0,0.0,0.0,0.0,0.0,0.0
32,128,0.72,0.98,1.0,0.7,2,0.7,4,0.0,0.0,0.0,0.0,0.0,0.0,0.0,0.0,0.0,0.0
32,128,0.72,0.98,1.3,0.7,0,0.7,1,0.0,0.0,0.0,109.6,0.0,0.0,109.6,0.0,0.0,0.0
32,128,0.72,0.98,1.3,0.7,0,0.7,2,0.0,0.0,0.0,109.6,0.0,0.0,109.6,0.0,0.0,0.0
32,128,0.72,0.98,1.3,0.7,0,0.7,4,0.0,0.0,0.0,109.6,0.0,0.0,109.6,0.0,0.0,0.0
32,128,0.72,0.98,1.3,0.7,1,0.7,1,0.0,0.0,0.0,0.0,0.0,0.0,0.0,0.0,0.0,0.0
32,128,0.72,0.98,1.3,0.7,1,0.7,2,0.0,0.0,0.0,0.0,0.0,0.0,0.0,0.0,0.0,0.0
32,128,0.72,0.98,1.3,0.7,1,0.7,4,0.0,0.0,0.0,0.0,0.0,0.0,0.0,0.0,0.0,0.0
32,128,0.72,0.98,1.3,0.7,2,0.7,1,0.0,0.0,0.0,0.0,0.0,0.0,0.0,0.0,0.0,0.0
32,128,0.72,0.98,1.3,0.7,2,0.7,2,0.0,0.0,0.0,0.0,0.0,0.0,0.0,0.0,0.0,0.0
32,128,0.72,0.98,1.3,0.7,2,0.7,4,0.0,0.0,0.0,0.0,0.0,0.0,0.0,0.0,0.0,0.0
32,128,0.8,0.92,0.7,0.7,0,0.7,1,0.546929463076303,0.7382194091563179,79.8,109.6,57.8,22.0,51.8,0.885719645023346,0.034405611082911444,0.5645225974949287
32,128,0.8,0.92,0.7,0.7,0,0.7,2,0.546929463076303,0.7382194091563179,79.8,109.6,57.8,22.0,51.8,0.885719645023346,0.034405611082911444,0.5645225974949287
32,128,0.8,0.92,0.7,0.7,0,0.7,4,0.546929463076303,0.7382194091563179,79.8,109.6,57.8,22.0,51.8,0.885719645023346,0.034405611082911444,0.5645225974949287
32,128,0.8,0.92,0.7,0.7,1,0.7,1,0.7381163926434016,0.7092389227720757,114.4,109.6,80.4,34.0,29.2,0.9033155918121338,0.03601061124354598,0.7254172891406376
32,128,0.8,0.92,0.7,0.7,1,0.7,2,0.6859363035357614,0.7470668948019462,100.3,109.6,74.1,26.2,35.5,0.9043239235877991,0.0344304339960217,0.6888033652603834
32,128,0.8,0.92,0.7,0.7,1,0.7,4,0.6125262017875023,0.7421831969984287,89.5,109.6,65.7,23.8,43.9,0.8963672339916229,0.0372356021776795,0.6260032846149065
32,128,0.8,0.92,0.7,0.7,2,0.7,1,0.7409651707099474,0.6672977305861914,122.8,109.6,80.8,42.0,28.8,0.9032826483249664,0.03543101511895652,0.7171315158290339
32,128,0.8,0.92,0.7,0.7,2,0.7,2,0.6915080797451943,0.7301933194049286,103.6,109.6,74.7,28.9,34.9,0.9053474843502045,0.03391250725835556,0.6900063707262702
32,128,0.8,0.92,0.7,0.7,2,0.7,4,0.617537050389238,0.7412849821639786,90.4,109.6,66.3,24.1,43.3,0.8968585669994354,0.037243830226361706,0.6301474939720266
32,128,0.8,0.92,1.0,0.7,0,0.7,1,0.3363543801248493,0.753826563523329,45.5,109.6,35.3,10.2,74.3,0.8958980739116669,0.03022827059030527,0.370491467672366
32,128,0.8,0.92,1.0,0.7,0,0.7,2,0.3363543801248493,0.753826563523329,45.5,109.6,35.3,10.2,74.3,0.8958980739116669,0.03022827059030527,0.370491467672366
32,128,0.8,0.92,1.0,0.7,0,0.7,4,0.3363543801248493,0.753826563523329,45.5,109.6,35.3,10.2,74.3,0.8958980739116669,0.03022827059030527,0.370491467672366
32,128,0.8,0.92,1.0,0.7,1,0.7,1,0.5213808294243412,0.796518306060837,71.8,109.6,57.0,14.8,52.6,0.9127632200717926,0.03413825072348114,0.5522417724387968
32,128,0.8,0.92,1.0,0.7,1,0.7,2,0.4675433726330647,0.8057772859291227,62.6,109.6,50.6,12.0,59.0,0.9129970967769623,0.03195690810680385,0.5031277399055119
32,128,0.8,0.92,1.0,0.7,1,0.7,4,0.38739293346009435,0.7815035766968303,52.8,109.6,41.5,11.3,68.1,0.9066832304000855,0.03438983485102649,0.42399752209572983
32,128,0.8,0.92,1.0,0.7,2,0.7,1,0.5227280542357937,0.766475953762013,75.1,109.6,57.2,17.9,52.4,0.9134474515914917,0.03414195347577327,0.5503370182380513
32,128,0.8,0.92,1.0,0.7,2,0.7,2,0.46981309073111743,0.787163366901998,64.4,109.6,50.9,13.5,58.7,0.9139385163784027,0.03106395229697223,0.5041078006879031
32,128,0.8,0.92,1.0,0.7,2,0.7,4,0.39019789970888896,0.7828065952411402,53.1,109.6,41.8,11.3,67.8,0.9067591369152069,0.03433051500469442,0.42691079269459875
32,128,0.8,0.92,1.3,0.7,0,0.7,1,0.13366763957911565,0.7463583784636416,16.9,109.6,14.0,2.9,95.6,0.91114831633038,0.028301190701313265,0.15769937753155658
32,128,0.8,0.92,1.3,0.7,0,0.7,2,0.13366763957911565,0.7463583784636416,16.9,109.6,14.0,2.9,95.6,0.91114831633038,0.028301190701313265,0.15769937753155658
32,128,0.8,0.92,1.3,0.7,0,0.7,4,0.13366763957911565,0.7463583784636416,16.9,109.6,14.0,2.9,95.6,0.91114831633038,0.028301190701313265,0.15769937753155658
32,128,0.8,0.92,1.3,0.7,1,0.7,1,0.24803345783761738,0.8253160383946829,32.5,109.6,27.3,5.2,82.3,0.9226820290088653,0.02708818772807714,0.2838252272488321
32,128,0.8,0.92,1.3,0.7,1,0.7,2,0.2075827173955911,0.8449131624875414,26.1,109.6,22.6,3.5,87.0,0.9244098722934723,0.02634518546983594,0.24042788273519972
32,128,0.8,0.92,1.3,0.7,1,0.7,4,0.1694690671960781,0.8195457501909115,21.4,109.6,18.1,3.3,91.5,0.9195490598678588,0.027345586568117093,0.19863774960164027
32,128,0.8,0.92,1.3,0.7,2,0.7,1,0.24876875195526443,0.7867031297031297,33.9,109.6,27.4,6.5,82.2,0.9233124673366546,0.027401961851865008,0.2838392654626828
32,128,0.8,0.92,1.3,0.7,2,0.7,2,0.20673525976847246,0.8112857606496133,26.6,109.6,22.5,4.1,87.1,0.9248730897903442,0.02623586850240821,0.23937708174359296
32,128,0.8,0.92,1.3,0.7,2,0.7,4,0.17028873932722566,0.8243076549528162,21.5,109.6,18.2,3.3,91.4,0.918994027376175,0.027477750368416258,0.19963967163190383
32,128,0.8,0.95,0.7,0.7,0,0.7,1,0.2484071650444845,0.7722673174384076,33.1,109.6,26.3,6.8,83.3,0.9031534194946289,0.02821815684437748,0.28243534350582683
32,128,0.8,0.95,0.7,0.7,0,0.7,2,0.2484071650444845,0.7722673174384076,33.1,109.6,26.3,6.8,83.3,0.9031534194946289,0.02821815684437748,0.28243534350582683
32,128,0.8,0.95,0.7,0.7,0,0.7,4,0.2484071650444845,0.7722673174384076,33.1,109.6,26.3,6.8,83.3,0.9031534194946289,0.02821815684437748,0.28243534350582683
32,128,0.8,0.95,0.7,0.7,1,0.7,1,0.411397102343834,0.8125366187970766,56.1,109.6,45.3,10.8,64.3,0.9190026760101319,0.02920436765998597,0.44939789817461834
32,128,0.8,0.95,0.7,0.7,1,0.7,2,0.3626666691986651,0.8408579689120128,47.3,109.6,39.6,7.7,70.0,0.9177109599113464,0.03106253836303944,0.4031878346473901
32,128,0.8,0.95,0.7,0.7,1,0.7,4,0.28952831003381674,0.8018990089317499,38.7,109.6,31.1,7.6,78.5,0.9129701137542725,0.0302545821294188,0.32702308462154595
32,128,0.8,0.95,0.7,0.7,2,0.7,1,0.4120090330376394,0.7780878267580192,58.9,109.6,45.4,13.5,64.2,0.919443815946579,0.029354641400277583,0.44776214079959065
32,128,0.8,0.95,0.7,0.7,2,0.7,2,0.3641372574339592,0.8152562720259351,48.7,109.6,39.8,8.9,69.8,0.9180175364017487,0.030932103842496828,0.40376892027248523
32,128,0.8,0.95,0.7,0.7,2,0.7,4,0.2910832762826114,0.8037097332214659,38.9,109.6,31.3,7.6,78.3,0.9129919409751892,0.030202330648899028,0.3287758091597087
32,128,0.8,0.95,1.0,0.7,0,0.7,1,0.04013628362332247,0.5634920634920635,5.3,109.6,4.1,1.2,105.5,0.7972417920827866,0.0238994534593075,0.04915943345146166
32,128,0.8,0.95,1.0,0.7,0,0.7,2,0.04013628362332247,0.5634920634920635,5.3,109.6,4.1,1.2,105.5,0.7972417920827866,0.0238994534593075,0.04915943345146166
32,128,0.8,0.95,1.0,0.7,0,0.7,4,0.04013628362332247,0.5634920634920635,5.3,109.6,4.1,1.2,105.5,0.7972417920827866,0.0238994534593075,0.04915943345146166
32,128,0.8,0.95,1.0,0.7,1,0.7,1,0.09410753991227624,0.7501082251082252,12.5,109.6,10.2,2.3,99.4,0.9312657654285431,0.028600087203085378,0.11335966039113557
32,128,0.8,0.95,1.0,0.7,1,0.7,2,0.07017823668702995,0.6842075163398692,9.2,109.6,7.5,1.7,102.1,0.9265951580471463,0.032620501820929314,0.08523335221004955
32,128,0.8,0.95,1.0,0.7,1,0.7,4,0.05623963322371116,0.7084090909090909,7.4,109.6,5.8,1.6,103.8,0.9247693836688995,0.031101144268177387,0.06853455570858563
32,128,0.8,0.95,1.0,0.7,2,0.7,1,0.0949622407669771,0.69499666999667,13.5,109.6,10.3,3.2,99.3,0.9308061599731445,0.028608410339802447,0.11415649300991186
32,128,0.8,0.95,1.0,0.7,2,0.7,2,0.07017823668702995,0.6575408496732026,9.4,109.6,7.5,1.9,102.1,0.9267294936709933,0.03281657700426874,0.08522508984859106
32,128,0.8,0.95,1.0,0.7,2,0.7,4,0.05623963322371116,0.7084090909090909,7.4,109.6,5.8,1.6,103.8,0.9247693836688995,0.031101144268177387,0.06853455570858563
32,128,0.8,0.95,1.3,0.7,0,0.7,1,0.00283275174476569,0.18333333333333332,0.8,109.6,0.3,0.5,109.3,0.33316880464553833,0.0,0.0035239540942284355
32,128,0.8,0.95,1.3,0.7,0,0.7,2,0.00283275174476569,0.18333333333333332,0.8,109.6,0.3,0.5,109.3,0.33316880464553833,0.0,0.0035239540942284355
32,128,0.8,0.95,1.3,0.7,0,0.7,4,0.00283275174476569,0.18333333333333332,0.8,109.6,0.3,0.5,109.3,0.33316880464553833,0.0,0.0035239540942284355
32,128,0.8,0.95,1.3,0.7,1,0.7,1,0.00714441230642624,0.425,1.6,96.3,0.8,0.8,95.5,0.7955709014620099,0.0021545444615185,0.008884208455423436
32,128,0.8,0.95,1.3,0.7,1,0.7,2,0.00454215345416739,0.375,1.3,96.3,0.5,0.8,95.8,0.7615446150302887,0.0,0.005654482157363335
32,128,0.8,0.95,1.3,0.7,1,0.7,4,0.00454215345416739,0.275,1.3,84.6,0.5,0.8,84.1,0.610672136147817,0.002024509788801267,0.005649945570010616
32,128,0.8,0.95,1.3,0.7,2,0.7,1,0.00714441230642624,0.3583333333333333,2.0,109.6,0.8,1.2,108.8,0.9284037252267202,0.0032240091823041,0.008879757529861958
32,128,0.8,0.95,1.3,0.7,2,0.7,2,0.00454215345416739,0.375,1.4,96.3,0.5,0.9,95.8,0.7615446150302887,0.0,0.005654482157363335
32,128,0.8,0.95,1.3,0.7,2,0.7,4,0.00454215345416739,0.275,1.3,84.6,0.5,0.8,84.1,0.610672136147817,0.002024509788801267,0.005649945570010616
32,128,0.8,0.98,0.7,0.7,0,0.7,1,0.0,0.0,0.3,109.6,0.0,0.3,109.6,0.0,0.0,0.0
32,128,0.8,0.98,0.7,0.7,0,0.7,2,0.0,0.0,0.3,109.6,0.0,0.3,109.6,0.0,0.0,0.0
32,128,0.8,0.98,0.7,0.7,0,0.7,4,0.0,0.0,0.3,109.6,0.0,0.3,109.6,0.0,0.0,0.0
32,128,0.8,0.98,0.7,0.7,1,0.7,1,0.0017094017094016999,0.1,0.7,64.8,0.2,0.5,64.6,0.19415366649627688,0.00098445769399404,0.002127659521502932
32,128,0.8,0.98,0.7,0.7,1,0.7,2,0.0,0.0,0.4,40.9,0.0,0.4,40.9,0.0,0.0,0.0
32,128,0.8,0.98,0.7,0.7,1,0.7,4,0.0,0.0,0.4,40.9,0.0,0.4,40.9,0.0,0.0,0.0
32,128,0.8,0.98,0.7,0.7,2,0.7,1,0.0017094017094016999,0.1,0.9,76.6,0.2,0.7,76.4,0.2426920831203461,0.00123057211749255,0.002127659521502932
32,128,0.8,0.98,0.7,0.7,2,0.7,2,0.0,0.0,0.5,53.1,0.0,0.5,53.1,0.0,0.0,0.0
32,128,0.8,0.98,0.7,0.7,2,0.7,4,0.0,0.0,0.4,40.9,0.0,0.4,40.9,0.0,0.0,0.0
32,128,0.8,0.98,1.0,0.7,0,0.7,1,0.0,0.0,0.0,109.6,0.0,0.0,109.6,0.0,0.0,0.0
32,128,0.8,0.98,1.0,0.7,0,0.7,2,0.0,0.0,0.0,109.6,0.0,0.0,109.6,0.0,0.0,0.0
32,128,0.8,0.98,1.0,0.7,0,0.7,4,0.0,0.0,0.0,109.6,0.0,0.0,109.6,0.0,0.0,0.0
32,128,0.8,0.98,1.0,0.7,1,0.7,1,0.0,0.0,0.1,11.2,0.0,0.1,11.2,0.0,0.0,0.0
32,128,0.8,0.98,1.0,0.7,1,0.7,2,0.0,0.0,0.0,0.0,0.0,0.0,0.0,0.0,0.0,0.0
32,128,0.8,0.98,1.0,0.7,1,0.7,4,0.0,0.0,0.0,0.0,0.0,0.0,0.0,0.0,0.0,0.0
32,128,0.8,0.98,1.0,0.7,2,0.7,1,0.0,0.0,0.2,23.4,0.0,0.2,23.4,0.0,0.0,0.0
32,128,0.8,0.98,1.0,0.7,2,0.7,2,0.0,0.0,0.0,0.0,0.0,0.0,0.0,0.0,0.0,0.0
32,128,0.8,0.98,1.0,0.7,2,0.7,4,0.0,0.0,0.0,0.0,0.0,0.0,0.0,0.0,0.0,0.0
32,128,0.8,0.98,1.3,0.7,0,0.7,1,0.0,0.0,0.0,109.6,0.0,0.0,109.6,0.0,0.0,0.0
32,128,0.8,0.98,1.3,0.7,0,0.7,2,0.0,0.0,0.0,109.6,0.0,0.0,109.6,0.0,0.0,0.0
32,128,0.8,0.98,1.3,0.7,0,0.7,4,0.0,0.0,0.0,109.6,0.0,0.0,109.6,0.0,0.0,0.0
32,128,0.8,0.98,1.3,0.7,1,0.7,1,0.0,0.0,0.0,0.0,0.0,0.0,0.0,0.0,0.0,0.0
32,128,0.8,0.98,1.3,0.7,1,0.7,2,0.0,0.0,0.0,0.0,0.0,0.0,0.0,0.0,0.0,0.0
32,128,0.8,0.98,1.3,0.7,1,0.7,4,0.0,0.0,0.0,0.0,0.0,0.0,0.0,0.0,0.0,0.0
32,128,0.8,0.98,1.3,0.7,2,0.7,1,0.0,0.0,0.0,0.0,0.0,0.0,0.0,0.0,0.0,0.0
32,128,0.8,0.98,1.3,0.7,2,0.7,2,0.0,0.0,0.0,0.0,0.0,0.0,0.0,0.0,0.0,0.0
32,128,0.8,0.98,1.3,0.7,2,0.7,4,0.0,0.0,0.0,0.0,0.0,0.0,0.0,0.0,0.0,0.0
32,128,0.88,0.92,0.7,0.7,0,0.7,1,0.4033107214036525,0.7601835156505607,56.2,109.6,42.6,13.6,67.0,0.8902814149856567,0.03372758347541089,0.436552390202195
32,128,0.88,0.92,0.7,0.7,0,0.7,2,0.4033107214036525,0.7601835156505607,56.2,109.6,42.6,13.6,67.0,0.8902814149856567,0.03372758347541089,0.436552390202195
32,128,0.88,0.92,0.7,0.7,0,0.7,4,0.4033107214036525,0.7601835156505607,56.2,109.6,42.6,13.6,67.0,0.8902814149856567,0.03372758347541089,0.436552390202195
32,128,0.88,0.92,0.7,0.7,1,0.7,1,0.6458224863400568,0.7722790502855268,92.9,109.6,70.9,22.0,38.7,0.9074203252792359,0.03366973195224996,0.6591209350942397
32,128,0.88,0.92,0.7,0.7,1,0.7,2,0.583962398496529,0.7952815414819748,80.6,109.6,63.5,17.1,46.1,0.9076561987400055,0.03248213604092592,0.6085959996259613
32,128,0.88,0.92,0.7,0.7,1,0.7,4,0.47415514805297565,0.7873270308561046,65.6,109.6,50.9,14.7,58.7,0.9020832657814026,0.03514277804642911,0.5070033733351196
32,128,0.88,0.92,0.7,0.7,2,0.7,1,0.6531289762134663,0.7341271365228385,99.4,109.6,71.7,27.7,37.9,0.9070192098617553,0.0333860911428928,0.6583327969232464
32,128,0.88,0.92,0.7,0.7,2,0.7,2,0.592376734939719,0.781632718740992,83.3,109.6,64.5,18.8,45.1,0.9081510305404663,0.03252785410732026,0.6142815555319039
32,128,0.88,0.92,0.7,0.7,2,0.7,4,0.47843070253706443,0.7858139347501139,66.3,109.6,51.4,14.9,58.2,0.9028274238109588,0.03488980606198305,0.5109907257444899
32,128,0.88,0.92,1.0,0.7,0,0.7,1,0.2974638625034041,0.7643872067156747,39.4,109.6,31.3,8.1,78.3,0.8982059359550476,0.028613460343331048,0.33295150942845886
32,128,0.88,0.92,1.0,0.7,0,0.7,2,0.2974638625034041,0.7643872067156747,39.4,109.6,31.3,8.1,78.3,0.8982059359550476,0.028613460343331048,0.33295150942845886
32,128,0.88,0.92,1.0,0.7,0,0.7,4,0.2974638625034041,0.7643872067156747,39.4,109.6,31.3,8.1,78.3,0.8982059359550476,0.028613460343331048,0.33295150942845886
32,128,0.88,0.92,1.0,0.7,1,0.7,1,0.48847686318595523,0.8081235308035005,66.2,109.6,53.7,12.5,55.9,0.9157149434089661,0.03159717619419094,0.5228219771063031
32,128,0.88,0.92,1.0,0.7,1,0.7,2,0.43850456394932974,0.8230358051551043,57.7,109.6,47.6,10.1,62.0,0.9148041903972626,0.029876766912639095,0.476925541105651
32,128,0.88,0.92,1.0,0.7,1,0.7,4,0.3481518120756209,0.7952407057803288,46.4,109.6,37.3,9.1,72.3,0.9095344185829163,0.03171282727271314,0.3862037799595079
32,128,0.88,0.92,1.0,0.7,2,0.7,1,0.49191220327050755,0.7776494771922677,69.6,109.6,54.1,15.5,55.5,0.9164544522762299,0.03168235234916205,0.5229469544999017
32,128,0.88,0.92,1.0,0.7,2,0.7,2,0.4416289829020833,0.8071462429847125,59.3,109.6,48.0,11.3,61.6,0.915646880865097,0.02894461248069995,0.479074304314813
32,128,0.88,0.92,1.0,0.7,2,0.7,4,0.3509567783244155,0.7965531754632806,46.7,109.6,37.6,9.1,72.0,0.9095941126346588,0.03164240401238198,0.3891680599939685
32,128,0.88,0.92,1.3,0.7,0,0.7,1,0.12696604340049006,0.658306485911749,15.6,109.6,13.3,2.3,96.3,0.7293793022632599,0.021777326520532343,0.15038996388733036
32,128,0.88,0.92,1.3,0.7,0,0.7,2,0.12696604340049006,0.658306485911749,15.6,109.6,13.3,2.3,96.3,0.7293793022632599,0.021777326520532343,0.15038996388733036
32,128,0.88,0.92,1.3,0.7,0,0.7,4,0.12696604340049006,0.658306485911749,15.6,109.6,13.3,2.3,96.3,0.7293793022632599,0.021777326520532343,0.15038996388733036
32,128,0.88,0.92,1.3,0.7,1,0.7,1,0.2392653170924472,0.8528009588977332,30.6,109.6,26.4,4.2,83.2,0.922894024848938,0.02725391844287512,0.27495478193737266
32,128,0.88,0.92,1.3,0.7,1,0.7,2,0.19913356321940748,0.8598714701191481,24.9,109.6,21.7,3.2,87.9,0.9252299666404724,0.02599777774885293,0.2313915989749805
32,128,0.88,0.92,1.3,0.7,1,0.7,4,0.16201559131820437,0.8486547808916229,20.0,109.6,17.3,2.7,92.3,0.9207266449928284,0.027066320460289672,0.1905084171024597
32,128,0.88,0.92,1.3,0.7,2,0.7,1,0.24000061121009425,0.8158355885661687,32.0,109.6,26.5,5.5,83.1,0.923570203781128,0.02757581258192653,0.27493601453693234
32,128,0.88,0.92,1.3,0.7,2,0.7,2,0.19828610559228882,0.828590084837763,25.4,109.6,21.6,3.8,88.0,0.9257031500339508,0.025801524054259017,0.23026105973118885
32,128,0.88,0.92,1.3,0.7,2,0.7,4,0.1628352634493519,0.8519881142249563,20.1,109.6,17.4,2.7,92.2,0.9201716125011444,0.02719848426058884,0.19151235069106437
32,128,0.88,0.95,0.7,0.7,0,0.7,1,0.2273547265085753,0.778040147697069,29.6,109.6,24.1,5.5,85.5,0.9034682095050812,0.02524923011660571,0.26054888376814167
32,128,0.88,0.95,0.7,0.7,0,0.7,2,0.2273547265085753,0.778040147697069,29.6,109.6,24.1,5.5,85.5,0.9034682095050812,0.02524923011660571,0.26054888376814167
32,128,0.88,0.95,0.7,0.7,0,0.7,4,0.2273547265085753,0.778040147697069,29.6,109.6,24.1,5.5,85.5,0.9034682095050812,0.02524923011660571,0.26054888376814167
32,128,0.88,0.95,0.7,0.7,1,0.7,1,0.3945424207968983,0.8308223042891925,52.5,109.6,43.5,9.0,66.1,0.9197601854801178,0.02883111983537669,0.434201466664257
32,128,0.88,0.95,0.7,0.7,1,0.7,2,0.345803456079569,0.845461030573321,44.6,109.6,37.7,6.9,71.9,0.9193308234214783,0.028877715766429852,0.3862454757528012
32,128,0.88,0.95,0.7,0.7,1,0.7,4,0.26834399840982226,0.8141719517749776,35.0,109.6,28.8,6.2,80.8,0.9149357199668884,0.02913343645632261,0.30515626227293813
32,128,0.88,0.95,0.7,0.7,2,0.7,1,0.39724246676380354,0.7993905119834308,55.1,109.6,43.8,11.3,65.8,0.9202504754066467,0.02904929555952544,0.43491505806329656
32,128,0.88,0.95,0.7,0.7,2,0.7,2,0.34727404431486314,0.823765558589096,45.8,109.6,37.9,7.9,71.7,0.9196889340877533,0.028734799474477712,0.38695838943575595
32,128,0.88,0.95,0.7,0.7,2,0.7,4,0.26989896465861685,0.8159705020619,35.2,109.6,29.0,6.2,80.6,0.9149575889110565,0.02904338538646693,0.30692670616207574
32,128,0.88,0.95,1.0,0.7,0,0.7,1,0.03888628362332247,0.5607142857142857,5.2,109.6,4.0,1.2,105.6,0.7975033149123192,0.02442886796779926,0.04766747707768503
32,128,0.88,0.95,1.0,0.7,0,0.7,2,0.03888628362332247,0.5607142857142857,5.2,109.6,4.0,1.2,105.6,0.7975033149123192,0.02442886796779926,0.04766747707768503
32,128,0.88,0.95,1.0,0.7,0,0.7,4,0.03888628362332247,0.5607142857142857,5.2,109.6,4.0,1.2,105.6,0.7975033149123192,0.02442886796779926,0.04766747707768503
32,128,0.88,0.95,1.0,0.7,1,0.7,1,0.09075283905757539,0.7553431833866616,12.1,109.6,9.9,2.2,99.7,0.931594067811966,0.029255918506532856,0.10943448296452607
32,128,0.88,0.95,1.0,0.7,1,0.7,2,0.06892823668702995,0.681985294117647,9.1,109.6,7.4,1.7,102.2,0.9269789987140231,0.03299403062555935,0.08375043799589614
32,128,0.88,0.95,1.0,0.7,1,0.7,4,0.054989633223711164,0.7167424242424242,7.2,109.6,5.7,1.5,103.9,0.9249786019325257,0.03163055877666915,0.06705992437678436
32,128,0.88,0.95,1.0,0.7,2,0.7,1,0.09160753991227624,0.7098665223665224,12.9,109.6,10.0,2.9,99.6,0.9311318099498749,0.029263414815068178,0.11027770195895097
32,128,0.88,0.95,1.0,0.7,2,0.7,2,0.06892823668702995,0.6653186274509804,9.2,109.6,7.4,1.8,102.2,0.9271133343378702,0.03319010580889878,0.0837462984184073
32,128,0.88,0.95,1.0,0.7,2,0.7,4,0.054989633223711164,0.7167424242424242,7.2,109.6,5.7,1.5,103.9,0.9249786019325257,0.03163055877666915,0.06705992437678436
32,128,0.88,0.95,1.3,0.7,0,0.7,1,0.00283275174476569,0.18333333333333332,0.8,109.6,0.3,0.5,109.3,0.33316880464553833,0.0,0.0035239540942284355
32,128,0.88,0.95,1.3,0.7,0,0.7,2,0.00283275174476569,0.18333333333333332,0.8,109.6,0.3,0.5,109.3,0.33316880464553833,0.0,0.0035239540942284355
32,128,0.88,0.95,1.3,0.7,0,0.7,4,0.00283275174476569,0.18333333333333332,0.8,109.6,0.3,0.5,109.3,0.33316880464553833,0.0,0.0035239540942284355
32,128,0.88,0.95,1.3,0.7,1,0.7,1,0.00714441230642624,0.425,1.6,96.3,0.8,0.8,95.5,0.7955709014620099,0.0021545444615185,0.008884208455423436
32,128,0.88,0.95,1.3,0.7,1,0.7,2,0.00454215345416739,0.375,1.3,96.3,0.5,0.8,95.8,0.7615446150302887,0.0,0.005654482157363335
32,128,0.88,0.95,1.3,0.7,1,0.7,4,0.00454215345416739,0.275,1.3,84.6,0.5,0.8,84.1,0.610672136147817,0.002024509788801267,0.005649945570010616
32,128,0.88,0.95,1.3,0.7,2,0.7,1,0.00714441230642624,0.3583333333333333,1.9,96.3,0.8,1.1,95.5,0.795774621622903,0.00161200459115205,0.008879757529861958
32,128,0.88,0.95,1.3,0.7,2,0.7,2,0.00454215345416739,0.375,1.4,96.3,0.5,0.9,95.8,0.7615446150302887,0.0,0.005654482157363335
32,128,0.88,0.95,1.3,0.7,2,0.7,4,0.00454215345416739,0.275,1.3,84.6,0.5,0.8,84.1,0.610672136147817,0.002024509788801267,0.005649945570010616
32,128,0.88,0.98,0.7,0.7,0,0.7,1,0.0,0.0,0.3,109.6,0.0,0.3,109.6,0.0,0.0,0.0
32,128,0.88,0.98,0.7,0.7,0,0.7,2,0.0,0.0,0.3,109.6,0.0,0.3,109.6,0.0,0.0,0.0
32,128,0.88,0.98,0.7,0.7,0,0.7,4,0.0,0.0,0.3,109.6,0.0,0.3,109.6,0.0,0.0,0.0
32,128,0.88,0.98,0.7,0.7,1,0.7,1,0.0017094017094016999,0.1,0.7,64.8,0.2,0.5,64.6,0.19415366649627688,0.00098445769399404,0.002127659521502932
32,128,0.88,0.98,0.7,0.7,1,0.7,2,0.0,0.0,0.4,40.9,0.0,0.4,40.9,0.0,0.0,0.0
32,128,0.88,0.98,0.7,0.7,1,0.7,4,0.0,0.0,0.4,40.9,0.0,0.4,40.9,0.0,0.0,0.0
32,128,0.88,0.98,0.7,0.7,2,0.7,1,0.0017094017094016999,0.1,0.9,76.6,0.2,0.7,76.4,0.2426920831203461,0.00123057211749255,0.002127659521502932
32,128,0.88,0.98,0.7,0.7,2,0.7,2,0.0,0.0,0.5,53.1,0.0,0.5,53.1,0.0,0.0,0.0
32,128,0.88,0.98,0.7,0.7,2,0.7,4,0.0,0.0,0.4,40.9,0.0,0.4,40.9,0.0,0.0,0.0
32,128,0.88,0.98,1.0,0.7,0,0.7,1,0.0,0.0,0.0,109.6,0.0,0.0,109.6,0.0,0.0,0.0
32,128,0.88,0.98,1.0,0.7,0,0.7,2,0.0,0.0,0.0,109.6,0.0,0.0,109.6,0.0,0.0,0.0
32,128,0.88,0.98,1.0,0.7,0,0.7,4,0.0,0.0,0.0,109.6,0.0,0.0,109.6,0.0,0.0,0.0
32,128,0.88,0.98,1.0,0.7,1,0.7,1,0.0,0.0,0.1,11.2,0.0,0.1,11.2,0.0,0.0,0.0
32,128,0.88,0.98,1.0,0.7,1,0.7,2,0.0,0.0,0.0,0.0,0.0,0.0,0.0,0.0,0.0,0.0
32,128,0.88,0.98,1.0,0.7,1,0.7,4,0.0,0.0,0.0,0.0,0.0,0.0,0.0,0.0,0.0,0.0
32,128,0.88,0.98,1.0,0.7,2,0.7,1,0.0,0.0,0.2,23.4,0.0,0.2,23.4,0.0,0.0,0.0
32,128,0.88,0.98,1.0,0.7,2,0.7,2,0.0,0.0,0.0,0.0,0.0,0.0,0.0,0.0,0.0,0.0
32,128,0.88,0.98,1.0,0.7,2,0.7,4,0.0,0.0,0.0,0.0,0.0,0.0,0.0,0.0,0.0,0.0
32,128,0.88,0.98,1.3,0.7,0,0.7,1,0.0,0.0,0.0,109.6,0.0,0.0,109.6,0.0,0.0,0.0
32,128,0.88,0.98,1.3,0.7,0,0.7,2,0.0,0.0,0.0,109.6,0.0,0.0,109.6,0.0,0.0,0.0
32,128,0.88,0.98,1.3,0.7,0,0.7,4,0.0,0.0,0.0,109.6,0.0,0.0,109.6,0.0,0.0,0.0
32,128,0.88,0.98,1.3,0.7,1,0.7,1,0.0,0.0,0.0,0.0,0.0,0.0,0.0,0.0,0.0,0.0
32,128,0.88,0.98,1.3,0.7,1,0.7,2,0.0,0.0,0.0,0.0,0.0,0.0,0.0,0.0,0.0,0.0
32,128,0.88,0.98,1.3,0.7,1,0.7,4,0.0,0.0,0.0,0.0,0.0,0.0,0.0,0.0,0.0,0.0
32,128,0.88,0.98,1.3,0.7,2,0.7,1,0.0,0.0,0.0,0.0,0.0,0.0,0.0,0.0,0.0,0.0
32,128,0.88,0.98,1.3,0.7,2,0.7,2,0.0,0.0,0.0,0.0,0.0,0.0,0.0,0.0,0.0,0.0
32,128,0.88,0.98,1.3,0.7,2,0.7,4,0.0,0.0,0.0,0.0,0.0,0.0,0.0,0.0,0.0,0.0
64,128,0.72,0.92,0.7,0.7,0,0.7,1,0.6456328157486578,0.6038795425975692,115.2,109.6,68.8,46.4,40.8,0.8838577449321747,0.03528539929538959,0.6245158236565114
64,128,0.72,0.92,0.7,0.7,0,0.7,2,0.6456328157486578,0.6038795425975692,115.2,109.6,68.8,46.4,40.8,0.8838577449321747,0.03528539929538959,0.6245158236565114
64,128,0.72,0.92,0.7,0.7,0,0.7,4,0.6456328157486578,0.6038795425975692,115.2,109.6,68.8,46.4,40.8,0.8838577449321747,0.03528539929538959,0.6245158236565114
64,128,0.72,0.92,0.7,0.7,1,0.7,1,0.7856968362289414,0.5746853509247217,150.6,109.6,85.5,65.1,24.1,0.9017443716526031,0.03656445071101183,0.7254766592638268
64,128,0.72,0.92,0.7,0.7,1,0.7,2,0.7751417630982452,0.6146269197098168,138.6,109.6,84.3,54.3,25.3,0.9016419649124146,0.03709116987884041,0.729215959453681
64,128,0.72,0.92,0.7,0.7,1,0.7,4,0.7254116331345613,0.6281623812286068,126.4,109.6,78.4,48.0,31.2,0.9026694655418396,0.03531055357307192,0.6940795994654863
64,128,0.72,0.92,0.7,0.7,2,0.7,1,0.7877702496081085,0.5386137002808037,162.0,109.6,85.7,76.3,23.9,0.9012367486953735,0.03667556941509243,0.7136324387922415
64,128,0.72,0.92,0.7,0.7,2,0.7,2,0.7738606758193114,0.595196519350511,143.4,109.6,84.2,59.2,25.4,0.9020345389842988,0.03675791397690769,0.7220015444749228
64,128,0.72,0.92,0.7,0.7,2,0.7,4,0.7268988069514564,0.6249174853508821,127.6,109.6,78.6,49.0,31.0,0.902437424659729,0.03554861843585963,0.6942462132493864
64,128,0.72,0.92,1.0,0.7,0,0.7,1,0.4180058877842339,0.7194016225217461,60.2,109.6,44.1,16.1,65.5,0.8933226764202118,0.03448880668729541,0.44662296815867447
64,128,0.72,0.92,1.0,0.7,0,0.7,2,0.4180058877842339,0.7194016225217461,60.2,109.6,44.1,16.1,65.5,0.8933226764202118,0.03448880668729541,0.44662296815867447
64,128,0.72,0.92,1.0,0.7,0,0.7,4,0.4180058877842339,0.7194016225217461,60.2,109.6,44.1,16.1,65.5,0.8933226764202118,0.03448880668729541,0.44662296815867447
64,128,0.72,0.92,1.0,0.7,1,0.7,1,0.575258719546499,0.7210205341539384,87.5,109.6,62.7,24.8,46.9,0.9112270951271058,0.03451720438897604,0.5914597942252404
64,128,0.72,0.92,1.0,0.7,1,0.7,2,0.5502357615482671,0.7550106621733716,80.0,109.6,59.9,20.1,49.7,0.9113329946994781,0.03483051508665079,0.5732315665568837
64,128,0.72,0.92,1.0,0.7,1,0.7,4,0.5048321799816926,0.754655750661199,72.5,109.6,54.5,18.0,55.1,0.9109935820102691,0.033141583018004864,0.5316799294365039
64,128,0.72,0.92,1.0,0.7,2,0.7,1,0.5756153001004479,0.69237645871852,91.7,109.6,62.8,28.9,46.8,0.9116907060146332,0.034869002737104846,0.5870712827920895
64,128,0.72,0.92,1.0,0.7,2,0.7,2,0.5501235980387955,0.7380579994438977,82.0,109.6,59.9,22.1,49.7,0.9118257462978363,0.03510695006698365,0.5709031446743129
64,128,0.72,0.92,1.0,0.7,2,0.7,4,0.5048321799816926,0.7506175921148448,72.9,109.6,54.5,18.4,55.1,0.9110330879688263,0.033090443909168196,0.5312231204665547
64,128,0.72,0.92,1.3,0.7,0,0.7,1,0.17973522993341556,0.7315213538897749,24.4,109.6,19.1,5.3,90.5,0.9016534388065338,0.03174780567900996,0.20802866605503745
64,128,0.72,0.92,1.3,0.7,0,0.7,2,0.17973522993341556,0.7315213538897749,24.4,109.6,19.1,5.3,90.5,0.9016534388065338,0.03174780567900996,0.20802866605503745
64,128,0.72,0.92,1.3,0.7,0,0.7,4,0.17973522993341556,0.7315213538897749,24.4,109.6,19.1,5.3,90.5,0.9016534388065338,0.03174780567900996,0.20802866605503745
64,128,0.72,0.92,1.3,0.7,1,0.7,1,0.28310026917562486,0.7679760349603966,40.1,109.6,31.3,8.8,78.3,0.9224134981632233,0.02842350145801898,0.31822856342325945
64,128,0.72,0.92,1.3,0.7,1,0.7,2,0.2662871006476213,0.7759448202711916,37.0,109.6,29.3,7.7,80.3,0.9213483393192291,0.027266184892505353,0.3013815960232017
64,128,0.72,0.92,1.3,0.7,1,0.7,4,0.2318191072123096,0.7839287815649714,31.5,109.6,25.3,6.2,84.3,0.9209521293640137,0.02896013744175429,0.26454957485951375
64,128,0.72,0.92,1.3,0.7,2,0.7,1,0.2838355632932719,0.7370894084569514,41.9,109.6,31.4,10.5,78.2,0.92315114736557,0.02874260917305942,0.31778253480924634
64,128,0.72,0.92,1.3,0.7,2,0.7,2,0.2662871006476213,0.7623261605246091,37.6,109.6,29.3,8.3,80.3,0.921679800748825,0.02767214002087708,0.30097882165480205
64,128,0.72,0.92,1.3,0.7,2,0.7,4,0.2318191072123096,0.7823685493443618,31.6,109.6,25.3,6.3,84.3,0.9211052775382995,0.029088992811739413,0.26446374649853494
64,128,0.72,0.95,0.7,0.7,0,0.7,1,0.33472554789109116,0.7319983749617617,45.9,109.6,35.3,10.6,74.3,0.8971032500267029,0.03414460495114323,0.3680919336215617
64,128,0.72,0.95,0.7,0.7,0,0.7,2,0.33472554789109116,0.7319983749617617,45.9,109.6,35.3,10.6,74.3,0.8971032500267029,0.03414460495114323,0.3680919336215617
64,128,0.72,0.95,0.7,0.7,0,0.7,4,0.33472554789109116,0.7319983749617617,45.9,109.6,35.3,10.6,74.3,0.8971032500267029,0.03414460495114323,0.3680919336215617
64,128,0.72,0.95,0.7,0.7,1,0.7,1,0.4739383980178615,0.7543419850255184,68.8,109.6,51.8,17.0,57.8,0.9153519392013549,0.03381982035934919,0.504144581612664
64,128,0.72,0.95,0.7,0.7,1,0.7,2,0.4498270222650995,0.7852052172441196,63.1,109.6,49.2,13.9,60.4,0.9164160192012787,0.03191015720367427,0.48346071661935464
64,128,0.72,0.95,0.7,0.7,1,0.7,4,0.408594409067441,0.7967847257089067,55.9,109.6,44.3,11.6,65.3,0.9145083904266358,0.03386018536984918,0.44472884464226015
64,128,0.72,0.95,0.7,0.7,2,0.7,1,0.4753134083252851,0.7177575959910527,72.8,109.6,52.0,20.8,57.6,0.9160780131816864,0.03345196507871148,0.5015622675274946
64,128,0.72,0.95,0.7,0.7,2,0.7,2,0.44897956463798094,0.7656358981910791,64.4,109.6,49.1,15.3,60.5,0.9169187426567078,0.03223629351705308,0.48144335595639365
64,128,0.72,0.95,0.7,0.7,2,0.7,4,0.408594409067441,0.7909181243382759,56.3,109.6,44.3,12.0,65.3,0.9145422756671906,0.033968049101531464,0.4443314127419805
64,128,0.72,0.95,1.0,0.7,0,0.7,1,0.05578801958537748,0.5710137085137086,7.5,109.6,5.7,1.8,103.9,0.9122970551252365,0.026672291502888686,0.0678468578618903
64,128,0.72,0.95,1.0,0.7,0,0.7,2,0.05578801958537748,0.5710137085137086,7.5,109.6,5.7,1.8,103.9,0.9122970551252365,0.026672291502888686,0.0678468578618903
64,128,0.72,0.95,1.0,0.7,0,0.7,4,0.05578801958537748,0.5710137085137086,7.5,109.6,5.7,1.8,103.9,0.9122970551252365,0.026672291502888686,0.0678468578618903
64,128,0.72,0.95,1.0,0.7,1,0.7,1,0.10555473346315872,0.7115322793148879,14.4,109.6,11.5,2.9,98.1,0.9299412310123444,0.026738769613439177,0.12663583788509167
64,128,0.72,0.95,1.0,0.7,1,0.7,2,0.10198934903037649,0.7183541458541459,13.6,109.6,11.0,2.6,98.6,0.9306362271308899,0.027188677806407158,0.12242372510210768
64,128,0.72,0.95,1.0,0.7,1,0.7,4,0.08096231067773405,0.6760213032581454,10.6,109.6,8.5,2.1,101.1,0.925338625907898,0.02856026527782277,0.09785710435215622
64,128,0.72,0.95,1.0,0.7,2,0.7,1,0.10644759060601586,0.6385714285714286,16.2,109.6,11.6,4.6,98.0,0.9301325798034668,0.02759225476183924,0.12713350757248992
64,128,0.72,0.95,1.0,0.7,2,0.7,2,0.10198934903037649,0.6832803471038765,14.2,109.6,11.0,3.2,98.6,0.9307236194610595,0.02721365885809058,0.12227670080915964
64,128,0.72,0.95,1.0,0.7,2,0.7,4,0.08096231067773405,0.6551373626373627,10.9,109.6,8.5,2.4,101.1,0.9257125324673123,0.028857718946205188,0.0977942170910756
64,128,0.72,0.95,1.3,0.7,0,0.7,1,0.00084745762711864,0.1,0.9,109.6,0.1,0.8,109.5,0.18708444833755494,0.0,0.0010570824260600954
64,128,0.72,0.95,1.3,0.7,0,0.7,2,0.00084745762711864,0.1,0.9,109.6,0.1,0.8,109.5,0.18708444833755494,0.0,0.0010570824260600954
64,128,0.72,0.95,1.3,0.7,0,0.7,4,0.00084745762711864,0.1,0.9,109.6,0.1,0.8,109.5,0.18708444833755494,0.0,0.0010570824260600954
64,128,0.72,0.95,1.3,0.7,1,0.7,1,0.00848942793110287,0.28833333333333333,2.4,109.6,1.0,1.4,108.6,0.9480419397354126,0.0174216843831042,0.01052712597887696
64,128,0.72,0.95,1.3,0.7,1,0.7,2,0.00589441230642624,0.325,1.8,96.3,0.7,1.1,95.6,0.7947829564412435,0.0021545444615185,0.007329145181366123
64,128,0.72,0.95,1.3,0.7,1,0.7,4,0.00255685933652034,0.25,1.4,96.3,0.3,1.1,96.0,0.7098348736763,0.0,0.003187010214756818
64,128,0.72,0.95,1.3,0.7,2,0.7,1,0.00848942793110287,0.23166666666666663,3.0,109.6,1.0,2.0,108.6,0.9477988362312317,0.017446300635735133,0.010507119587852002
64,128,0.72,0.95,1.3,0.7,2,0.7,2,0.00589441230642624,0.275,2.1,109.6,0.7,1.4,108.9,0.9537395477294922,0.004309088923037,0.0073269150234610576
64,128,0.72,0.95,1.3,0.7,2,0.7,4,0.00341156019122119,0.25,1.6,96.3,0.4,1.2,95.9,0.7096254825592041,0.0005922685959376,0.004248571681831924
64,128,0.72,0.98,0.7,0.7,0,0.7,1,0.0,0.0,0.3,109.6,0.0,0.3,109.6,0.0,0.0,0.0
64,128,0.72,0.98,0.7,0.7,0,0.7,2,0.0,0.0,0.3,109.6,0.0,0.3,109.6,0.0,0.0,0.0
64,128,0.72,0.98,0.7,0.7,0,0.7,4,0.0,0.0,0.3,109.6,0.0,0.3,109.6,0.0,0.0,0.0
64,128,0.72,0.98,0.7,0.7,1,0.7,1,0.0017094017094016999,0.2,0.8,89.8,0.2,0.6,89.6,0.44832974672317505,0.0,0.0021321961088556505
64,128,0.72,0.98,0.7,0.7,1,0.7,2,0.0017094017094016999,0.1,0.7,64.8,0.2,0.5,64.6,0.19415366649627688,0.00098445769399404,0.002127659521502932
64,128,0.72,0.98,0.7,0.7,1,0.7,4,0.0,0.0,0.4,40.9,0.0,0.4,40.9,0.0,0.0,0.0
64,128,0.72,0.98,0.7,0.7,2,0.7,1,0.0017094017094016999,0.08333333333333333,1.7,109.6,0.2,1.5,109.4,0.8966594934463501,,0.002125400780423575
64,128,0.72,0.98,0.7,0.7,2,0.7,2,0.0017094017094016999,0.1,1.0,89.9,0.2,0.8,89.7,0.3235894441604615,0.0016407628233234002,0.002127659521502932
64,128,0.72,0.98,0.7,0.7,2,0.7,4,0.0,0.0,0.5,53.1,0.0,0.5,53.1,0.0,0.0,0.0
64,128,0.72,0.98,1.0,0.7,0,0.7,1,0.0,0.0,0.0,109.6,0.0,0.0,109.6,0.0,0.0,0.0
64,128,0.72,0.98,1.0,0.7,0,0.7,2,0.0,0.0,0.0,109.6,0.0,0.0,109.6,0.0,0.0,0.0
64,128,0.72,0.98,1.0,0.7,0,0.7,4,0.0,0.0,0.0,109.6,0.0,0.0,109.6,0.0,0.0,0.0
64,128,0.72,0.98,1.0,0.7,1,0.7,1,0.0,0.0,0.2,24.5,0.0,0.2,24.5,0.0,0.0,0.0
64,128,0.72,0.98,1.0,0.7,1,0.7,2,0.0,0.0,0.1,11.2,0.0,0.1,11.2,0.0,0.0,0.0
64,128,0.72,0.98,1.0,0.7,1,0.7,4,0.0,0.0,0.0,0.0,0.0,0.0,0.0,0.0,0.0,0.0
64,128,0.72,0.98,1.0,0.7,2,0.7,1,0.0,0.0,0.4,48.4,0.0,0.4,48.4,0.0,0.0,0.0
64,128,0.72,0.98,1.0,0.7,2,0.7,2,0.0,0.0,0.3,36.7,0.0,0.3,36.7,0.0,0.0,0.0
64,128,0.72,0.98,1.0,0.7,2,0.7,4,0.0,0.0,0.0,0.0,0.0,0.0,0.0,0.0,0.0,0.0
64,128,0.72,0.98,1.3,0.7,0,0.7,1,0.0,0.0,0.0,109.6,0.0,0.0,109.6,0.0,0.0,0.0
64,128,0.72,0.98,1.3,0.7,0,0.7,2,0.0,0.0,0.0,109.6,0.0,0.0,109.6,0.0,0.0,0.0
64,128,0.72,0.98,1.3,0.7,0,0.7,4,0.0,0.0,0.0,109.6,0.0,0.0,109.6,0.0,0.0,0.0
64,128,0.72,0.98,1.3,0.7,1,0.7,1,0.0,0.0,0.0,0.0,0.0,0.0,0.0,0.0,0.0,0.0
64,128,0.72,0.98,1.3,0.7,1,0.7,2,0.0,0.0,0.0,0.0,0.0,0.0,0.0,0.0,0.0,0.0
64,128,0.72,0.98,1.3,0.7,1,0.7,4,0.0,0.0,0.0,0.0,0.0,0.0,0.0,0.0,0.0,0.0
64,128,0.72,0.98,1.3,0.7,2,0.7,1,0.0,0.0,0.0,0.0,0.0,0.0,0.0,0.0,0.0,0.0
64,128,0.72,0.98,1.3,0.7,2,0.7,2,0.0,0.0,0.0,0.0,0.0,0.0,0.0,0.0,0.0,0.0
64,128,0.72,0.98,1.3,0.7,2,0.7,4,0.0,0.0,0.0,0.0,0.0,0.0,0.0,0.0,0.0,0.0
64,128,0.8,0.92,0.7,0.7,0,0.7,1,0.6286893438466309,0.6354632662629667,106.5,109.6,66.8,39.7,42.8,0.8842500507831573,0.03448682539165016,0.6176602557670694
64,128,0.8,0.92,0.7,0.7,0,0.7,2,0.6286893438466309,0.6354632662629667,106.5,109.6,66.8,39.7,42.8,0.8842500507831573,0.03448682539165016,0.6176602557670694
64,128,0.8,0.92,0.7,0.7,0,0.7,4,0.6286893438466309,0.6354632662629667,106.5,109.6,66.8,39.7,42.8,0.8842500507831573,0.03448682539165016,0.6176602557670694
64,128,0.8,0.92,0.7,0.7,1,0.7,1,0.7745707571939779,0.6126696455621726,139.5,109.6,84.3,55.2,25.3,0.9022782325744629,0.03654610626399513,0.7288106725115224
64,128,0.8,0.92,0.7,0.7,1,0.7,2,0.758810618660848,0.649606248929831,128.9,109.6,82.6,46.3,27.0,0.9022414982318878,0.03688151091337199,0.726282391322615
64,128,0.8,0.92,0.7,0.7,1,0.7,4,0.7140590882849772,0.66516469629511,117.8,109.6,77.1,40.7,32.5,0.9030441164970398,0.035338201001286464,0.6940248329471501
64,128,0.8,0.92,0.7,0.7,2,0.7,1,0.7766060142849888,0.580234637873739,148.9,109.6,84.5,64.4,25.1,0.9016098260879517,0.03678898215293879,0.7191900373970238
64,128,0.8,0.92,0.7,0.7,2,0.7,2,0.7589364577888404,0.629127752974082,133.4,109.6,82.6,50.8,27.0,0.9025589644908905,0.03662116527557369,0.7206439811116734
64,128,0.8,0.92,0.7,0.7,2,0.7,4,0.7155296765202713,0.6599080752912687,119.2,109.6,77.3,41.9,32.3,0.9028995633125305,0.03558128997683521,0.6937553553683301
64,128,0.8,0.92,1.0,0.7,0,0.7,1,0.4172540080849858,0.7253794899671276,59.1,109.6,44.0,15.1,65.6,0.8925808787345886,0.03425106983631846,0.44690418650443353
64,128,0.8,0.92,1.0,0.7,0,0.7,2,0.4172540080849858,0.7253794899671276,59.1,109.6,44.0,15.1,65.6,0.8925808787345886,0.03425106983631846,0.44690418650443353
64,128,0.8,0.92,1.0,0.7,0,0.7,4,0.4172540080849858,0.7253794899671276,59.1,109.6,44.0,15.1,65.6,0.8925808787345886,0.03425106983631846,0.44690418650443353
64,128,0.8,0.92,1.0,0.7,1,0.7,1,0.5751743415329985,0.7401728403918291,85.4,109.6,62.7,22.7,46.9,0.911300927400589,0.03443961646407837,0.5937952130302776
64,128,0.8,0.92,1.0,0.7,1,0.7,2,0.550219175966666,0.7722049871979756,78.4,109.6,59.9,18.5,49.7,0.9112452983856201,0.03490461949259037,0.5748654994757708
64,128,0.8,0.92,1.0,0.7,1,0.7,4,0.504720016472221,0.7686985566669526,71.1,109.6,54.5,16.6,55.1,0.9108208119869232,0.03319613635540005,0.53331302792915
64,128,0.8,0.92,1.0,0.7,2,0.7,1,0.5755309220869476,0.7134530660859174,89.2,109.6,62.8,26.4,46.8,0.9117649614810943,0.0347933547571301,0.5899681795783328
64,128,0.8,0.92,1.0,0.7,2,0.7,2,0.5501070124571944,0.7522179519493306,80.5,109.6,59.9,20.6,49.7,0.9117357611656189,0.0351778976619243,0.5724888734724933
64,128,0.8,0.92,1.0,0.7,2,0.7,4,0.504720016472221,0.7629307415655923,71.6,109.6,54.5,17.1,55.1,0.9108879566192627,0.033165462687611544,0.5327826632349486
64,128,0.8,0.92,1.3,0.7,0,0.7,1,0.17973522993341556,0.7315213538897749,24.4,109.6,19.1,5.3,90.5,0.9016534388065338,0.03174780567900996,0.20802866605503745
64,128,0.8,0.92,1.3,0.7,0,0.7,2,0.17973522993341556,0.7315213538897749,24.4,109.6,19.1,5.3,90.5,0.9016534388065338,0.03174780567900996,0.20802866605503745
64,128,0.8,0.92,1.3,0.7,0,0.7,4,0.17973522993341556,0.7315213538897749,24.4,109.6,19.1,5.3,90.5,0.9016534388065338,0.03174780567900996,0.20802866605503745
64,128,0.8,0.92,1.3,0.7,1,0.7,1,0.28310026917562486,0.773945710279917,39.9,109.6,31.3,8.6,78.3,0.9224134981632233,0.02842350145801898,0.31833561080279604
64,128,0.8,0.92,1.3,0.7,1,0.7,2,0.2655352209483732,0.7823068007315327,36.7,109.6,29.2,7.5,80.4,0.9214070677757263,0.027363100927323053,0.30057743197735676
64,128,0.8,0.92,1.3,0.7,1,0.7,4,0.2318191072123096,0.7902924179286078,31.4,109.6,25.3,6.1,84.3,0.9209521293640137,0.02896013744175429,0.2645636592767137
64,128,0.8,0.92,1.3,0.7,2,0.7,1,0.2838355632932719,0.7425422524859913,41.6,109.6,31.4,10.2,78.2,0.92315114736557,0.02874260917305942,0.3180256600862443
64,128,0.8,0.92,1.3,0.7,2,0.7,2,0.2655352209483732,0.7595988877973363,37.5,109.6,29.2,8.3,80.4,0.9217385292053223,0.02776905605569478,0.3000699037475647
64,128,0.8,0.92,1.3,0.7,2,0.7,4,0.2318191072123096,0.7823685493443618,31.6,109.6,25.3,6.3,84.3,0.9211052775382995,0.029088992811739413,0.26446374649853494
64,128,0.8,0.95,0.7,0.7,0,0.7,1,0.33472554789109116,0.7384090572885262,45.5,109.6,35.3,10.2,74.3,0.8971032500267029,0.03414460495114323,0.36845295399679384
64,128,0.8,0.95,0.7,0.7,0,0.7,2,0.33472554789109116,0.7384090572885262,45.5,109.6,35.3,10.2,74.3,0.8971032500267029,0.03414460495114323,0.36845295399679384
64,128,0.8,0.95,0.7,0.7,0,0.7,4,0.33472554789109116,0.7384090572885262,45.5,109.6,35.3,10.2,74.3,0.8971032500267029,0.03414460495114323,0.36845295399679384
64,128,0.8,0.95,0.7,0.7,1,0.7,1,0.4739383980178615,0.7685165822051803,67.7,109.6,51.8,15.9,57.8,0.9153519392013549,0.03381982035934919,0.5052167575698249
64,128,0.8,0.95,0.7,0.7,1,0.7,2,0.44822044171115055,0.788509625464218,62.5,109.6,49.0,13.5,60.6,0.9165011286735535,0.03188694864511485,0.4821616511461334
64,128,0.8,0.95,0.7,0.7,1,0.7,4,0.408594409067441,0.8049298946412653,55.4,109.6,44.3,11.1,65.3,0.9145083904266358,0.03386018536984918,0.4451816685891744
64,128,0.8,0.95,0.7,0.7,2,0.7,1,0.4753134083252851,0.7366799020818309,71.2,109.6,52.0,19.2,57.6,0.9160780131816864,0.03345196507871148,0.5032744380869512
64,128,0.8,0.95,0.7,0.7,2,0.7,2,0.44737298408403187,0.7682799343680295,63.8,109.6,48.9,14.9,60.7,0.917001873254776,0.03221979197114701,0.4801423518230303
64,128,0.8,0.95,0.7,0.7,2,0.7,4,0.408594409067441,0.7964771956861868,55.9,109.6,44.3,11.6,65.3,0.9145422756671906,0.033968049101531464,0.44472968366299226
64,128,0.8,0.95,1.0,0.7,0,0.7,1,0.05578801958537748,0.5710137085137086,7.4,109.6,5.7,1.7,103.9,0.8109307156668769,0.0233382550650276,0.0678468578618903
64,128,0.8,0.95,1.0,0.7,0,0.7,2,0.05578801958537748,0.5710137085137086,7.4,109.6,5.7,1.7,103.9,0.8109307156668769,0.0233382550650276,0.0678468578618903
64,128,0.8,0.95,1.0,0.7,0,0.7,4,0.05578801958537748,0.5710137085137086,7.4,109.6,5.7,1.7,103.9,0.8109307156668769,0.0233382550650276,0.0678468578618903
64,128,0.8,0.95,1.0,0.7,1,0.7,1,0.10555473346315872,0.7308612836438924,14.2,109.6,11.5,2.7,98.1,0.9299412310123444,0.026738769613439177,0.1266837565561766
64,128,0.8,0.95,1.0,0.7,1,0.7,2,0.10198934903037649,0.7333541458541458,13.5,109.6,11.0,2.5,98.6,0.9306362271308899,0.027188677806407158,0.12242990926571748
64,128,0.8,0.95,1.0,0.7,1,0.7,4,0.08096231067773405,0.6926879699248121,10.5,109.6,8.5,2.0,101.1,0.925338625907898,0.02856026527782277,0.09786124392964507
64,128,0.8,0.95,1.0,0.7,2,0.7,1,0.10644759060601586,0.6542857142857142,15.8,109.6,11.6,4.2,98.0,0.9301325798034668,0.02759225476183924,0.1272623272141689
64,128,0.8,0.95,1.0,0.7,2,0.7,2,0.10198934903037649,0.6932803471038765,14.1,109.6,11.0,3.1,98.6,0.9307236194610595,0.02721365885809058,0.12228285993556924
64,128,0.8,0.95,1.0,0.7,2,0.7,4,0.08096231067773405,0.6651373626373627,10.8,109.6,8.5,2.3,101.1,0.9257125324673123,0.028857718946205188,0.09779833987504524
64,128,0.8,0.95,1.3,0.7,0,0.7,1,0.00084745762711864,0.1,0.9,109.6,0.1,0.8,109.5,0.18708444833755494,0.0,0.0010570824260600954
64,128,0.8,0.95,1.3,0.7,0,0.7,2,0.00084745762711864,0.1,0.9,109.6,0.1,0.8,109.5,0.18708444833755494,0.0,0.0010570824260600954
64,128,0.8,0.95,1.3,0.7,0,0.7,4,0.00084745762711864,0.1,0.9,109.6,0.1,0.8,109.5,0.18708444833755494,0.0,0.0010570824260600954
64,128,0.8,0.95,1.3,0.7,1,0.7,1,0.00848942793110287,0.3083333333333333,2.3,109.6,1.0,1.3,108.6,0.9480419397354126,0.0174216843831042,0.010536084330449075
64,128,0.8,0.95,1.3,0.7,1,0.7,2,0.00589441230642624,0.325,1.8,96.3,0.7,1.1,95.6,0.7947829564412435,0.0021545444615185,0.007329145181366123
64,128,0.8,0.95,1.3,0.7,1,0.7,4,0.00255685933652034,0.25,1.4,96.3,0.3,1.1,96.0,0.7098348736763,0.0,0.003187010214756818
64,128,0.8,0.95,1.3,0.7,2,0.7,1,0.00848942793110287,0.24500000000000002,2.9,109.6,1.0,1.9,108.6,0.9477988362312317,0.017446300635735133,0.010516040140363172
64,128,0.8,0.95,1.3,0.7,2,0.7,2,0.00589441230642624,0.275,2.1,109.6,0.7,1.4,108.9,0.9537395477294922,0.004309088923037,0.0073269150234610576
64,128,0.8,0.95,1.3,0.7,2,0.7,4,0.00341156019122119,0.25,1.6,96.3,0.4,1.2,95.9,0.7096254825592041,0.0005922685959376,0.004248571681831924
64,128,0.8,0.98,0.7,0.7,0,0.7,1,0.0,0.0,0.3,109.6,0.0,0.3,109.6,0.0,0.0,0.0
64,128,0.8,0.98,0.7,0.7,0,0.7,2,0.0,0.0,0.3,109.6,0.0,0.3,109.6,0.0,0.0,0.0
64,128,0.8,0.98,0.7,0.7,0,0.7,4,0.0,0.0,0.3,109.6,0.0,0.3,109.6,0.0,0.0,0.0
64,128,0.8,0.98,0.7,0.7,1,0.7,1,0.0017094017094016999,0.2,0.8,89.8,0.2,0.6,89.6,0.44832974672317505,0.0,0.0021321961088556505
64,128,0.8,0.98,0.7,0.7,1,0.7,2,0.0017094017094016999,0.1,0.7,64.8,0.2,0.5,64.6,0.19415366649627688,0.00098445769399404,0.002127659521502932
64,128,0.8,0.98,0.7,0.7,1,0.7,4,0.0,0.0,0.4,40.9,0.0,0.4,40.9,0.0,0.0,0.0
64,128,0.8,0.98,0.7,0.7,2,0.7,1,0.0017094017094016999,0.1,1.3,101.6,0.2,1.1,101.4,0.5977729956309,0.0,0.0021276594685377937
64,128,0.8,0.98,0.7,0.7,2,0.7,2,0.0017094017094016999,0.1,1.0,89.9,0.2,0.8,89.7,0.3235894441604615,0.0016407628233234002,0.002127659521502932
64,128,0.8,0.98,0.7,0.7,2,0.7,4,0.0,0.0,0.5,53.1,0.0,0.5,53.1,0.0,0.0,0.0
64,128,0.8,0.98,1.0,0.7,0,0.7,1,0.0,0.0,0.0,109.6,0.0,0.0,109.6,0.0,0.0,0.0
64,128,0.8,0.98,1.0,0.7,0,0.7,2,0.0,0.0,0.0,109.6,0.0,0.0,109.6,0.0,0.0,0.0
64,128,0.8,0.98,1.0,0.7,0,0.7,4,0.0,0.0,0.0,109.6,0.0,0.0,109.6,0.0,0.0,0.0
64,128,0.8,0.98,1.0,0.7,1,0.7,1,0.0,0.0,0.2,24.5,0.0,0.2,24.5,0.0,0.0,0.0
64,128,0.8,0.98,1.0,0.7,1,0.7,2,0.0,0.0,0.1,11.2,0.0,0.1,11.2,0.0,0.0,0.0
64,128,0.8,0.98,1.0,0.7,1,0.7,4,0.0,0.0,0.0,0.0,0.0,0.0,0.0,0.0,0.0,0.0
64,128,0.8,0.98,1.0,0.7,2,0.7,1,0.0,0.0,0.3,36.7,0.0,0.3,36.7,0.0,0.0,0.0
64,128,0.8,0.98,1.0,0.7,2,0.7,2,0.0,0.0,0.3,36.7,0.0,0.3,36.7,0.0,0.0,0.0
64,128,0.8,0.98,1.0,0.7,2,0.7,4,0.0,0.0,0.0,0.0,0.0,0.0,0.0,0.0,0.0,0.0
64,128,0.8,0.98,1.3,0.7,0,0.7,1,0.0,0.0,0.0,109.6,0.0,0.0,109.6,0.0,0.0,0.0
64,128,0.8,0.98,1.3,0.7,0,0.7,2,0.0,0.0,0.0,109.6,0.0,0.0,109.6,0.0,0.0,0.0
64,128,0.8,0.98,1.3,0.7,0,0.7,4,0.0,0.0,0.0,109.6,0.0,0.0,109.6,0.0,0.0,0.0
64,128,0.8,0.98,1.3,0.7,1,0.7,1,0.0,0.0,0.0,0.0,0.0,0.0,0.0,0.0,0.0,0.0
64,128,0.8,0.98,1.3,0.7,1,0.7,2,0.0,0.0,0.0,0.0,0.0,0.0,0.0,0.0,0.0,0.0
64,128,0.8,0.98,1.3,0.7,1,0.7,4,0.0,0.0,0.0,0.0,0.0,0.0,0.0,0.0,0.0,0.0
64,128,0.8,0.98,1.3,0.7,2,0.7,1,0.0,0.0,0.0,0.0,0.0,0.0,0.0,0.0,0.0,0.0
64,128,0.8,0.98,1.3,0.7,2,0.7,2,0.0,0.0,0.0,0.0,0.0,0.0,0.0,0.0,0.0,0.0
64,128,0.8,0.98,1.3,0.7,2,0.7,4,0.0,0.0,0.0,0.0,0.0,0.0,0.0,0.0,0.0,0.0
64,128,0.88,0.92,0.7,0.7,0,0.7,1,0.4951992296642933,0.6847899284964459,77.6,109.6,52.8,24.8,56.8,0.8890447735786438,0.03350813873112196,0.5142192924584597
64,128,0.88,0.92,0.7,0.7,0,0.7,2,0.4951992296642933,0.6847899284964459,77.6,109.6,52.8,24.8,56.8,0.8890447735786438,0.03350813873112196,0.5142192924584597
64,128,0.88,0.92,0.7,0.7,0,0.7,4,0.4951992296642933,0.6847899284964459,77.6,109.6,52.8,24.8,56.8,0.8890447735786438,0.03350813873112196,0.5142192924584597
64,128,0.88,0.92,0.7,0.7,1,0.7,1,0.6947495697094151,0.6885870169047497,112.4,109.6,75.9,36.5,33.7,0.9061595737934113,0.0341393562033772,0.6842633319673869
64,128,0.88,0.92,0.7,0.7,1,0.7,2,0.6739875352350363,0.7252897615672432,103.1,109.6,73.7,29.4,35.9,0.9063357949256897,0.03449215516448017,0.6744299319598483
64,128,0.88,0.92,0.7,0.7,1,0.7,4,0.622290467633053,0.7338032570680555,93.6,109.6,67.7,25.9,41.9,0.9063370883464813,0.03312086183577771,0.6323774435838886
64,128,0.88,0.92,0.7,0.7,2,0.7,1,0.7006889109483989,0.6557032723386959,120.4,109.6,76.6,43.8,33.0,0.9050129115581512,0.03496136888861654,0.681082614063023
64,128,0.88,0.92,0.7,0.7,2,0.7,2,0.6771440479969735,0.7039807948720267,107.4,109.6,74.1,33.3,35.5,0.9062730193138122,0.034675286710262244,0.6725644216014841
64,128,0.88,0.92,0.7,0.7,2,0.7,4,0.625367636422296,0.7299181025283373,94.8,109.6,68.1,26.7,41.5,0.9060340285301208,0.03337715901434417,0.6342482198638234
64,128,0.88,0.92,1.0,0.7,0,0.7,1,0.3727783422267775,0.7570156249537106,51.1,109.6,39.6,11.5,70.0,0.8967134237289429,0.03130109459161753,0.40677208614819227
64,128,0.88,0.92,1.0,0.7,0,0.7,2,0.3727783422267775,0.7570156249537106,51.1,109.6,39.6,11.5,70.0,0.8967134237289429,0.03130109459161753,0.40677208614819227
64,128,0.88,0.92,1.0,0.7,0,0.7,4,0.3727783422267775,0.7570156249537106,51.1,109.6,39.6,11.5,70.0,0.8967134237289429,0.03130109459161753,0.40677208614819227
64,128,0.88,0.92,1.0,0.7,1,0.7,1,0.5409023416973961,0.7692719349873334,77.7,109.6,59.2,18.5,50.4,0.9147799551486969,0.030826325528323602,0.5659594514717499
64,128,0.88,0.92,1.0,0.7,1,0.7,2,0.5214222533738285,0.8033286091465726,71.7,109.6,57.1,14.6,52.5,0.9138493597507477,0.03284154962748284,0.5517543592436871
64,128,0.88,0.92,1.0,0.7,1,0.7,4,0.47561847955862957,0.8051053676492499,64.8,109.6,51.7,13.1,57.9,0.9131478250026703,0.030633193626999823,0.5095572207236554
64,128,0.88,0.92,1.0,0.7,2,0.7,1,0.5440473029185386,0.7416698758719665,81.4,109.6,59.6,21.8,50.0,0.9150700986385345,0.03112688008695836,0.5651349478318732
64,128,0.88,0.92,1.0,0.7,2,0.7,2,0.523295383982004,0.780582000730191,74.1,109.6,57.3,16.8,52.3,0.9143943190574646,0.03300493862479921,0.5510530788364421
64,128,0.88,0.92,1.0,0.7,2,0.7,4,0.4764731804133304,0.7990386567495331,65.4,109.6,51.8,13.6,57.8,0.9130994379520416,0.03065125625580546,0.5098463980269671
64,128,0.88,0.92,1.3,0.7,0,0.7,1,0.17346339932044852,0.7472025934519128,23.0,109.6,18.5,4.5,91.1,0.9056426525115967,0.029668547795154102,0.20157956209545141
64,128,0.88,0.92,1.3,0.7,0,0.7,2,0.17346339932044852,0.7472025934519128,23.0,109.6,18.5,4.5,91.1,0.9056426525115967,0.029668547795154102,0.20157956209545141
64,128,0.88,0.92,1.3,0.7,0,0.7,4,0.17346339932044852,0.7472025934519128,23.0,109.6,18.5,4.5,91.1,0.9056426525115967,0.029668547795154102,0.20157956209545141
64,128,0.88,0.92,1.3,0.7,1,0.7,1,0.27736158758696294,0.8042321843604737,37.8,109.6,30.7,7.1,78.9,0.9230869472026825,0.027095151413232037,0.3130612608500237
64,128,0.88,0.92,1.3,0.7,1,0.7,2,0.2566992877713036,0.8088031478492356,34.6,109.6,28.3,6.3,81.3,0.922131234407425,0.026806090213358356,0.2919245773029332
64,128,0.88,0.92,1.3,0.7,1,0.7,4,0.2259425757446417,0.8078737901664731,30.1,109.6,24.7,5.4,84.9,0.92215296626091,0.02720543816685671,0.25869754633193714
64,128,0.88,0.92,1.3,0.7,2,0.7,1,0.27809688170461,0.7668035766786094,39.5,109.6,30.8,8.7,78.8,0.9238700687885284,0.02745794709771867,0.31271134990534377
64,128,0.88,0.92,1.3,0.7,2,0.7,2,0.2566992877713036,0.7863978707995101,35.4,109.6,28.3,7.1,81.3,0.9224774956703186,0.027255453169345828,0.29139286726267616
64,128,0.88,0.92,1.3,0.7,2,0.7,4,0.2259425757446417,0.7978541823233358,30.3,109.6,24.7,5.6,84.9,0.922307687997818,0.02733407188206906,0.25859885807875577
64,128,0.88,0.95,0.7,0.7,0,0.7,1,0.3010029467947915,0.7716833528857605,39.7,109.6,32.0,7.7,77.6,0.9023761332035065,0.02975708544254298,0.33601324698142643
64,128,0.88,0.95,0.7,0.7,0,0.7,2,0.3010029467947915,0.7716833528857605,39.7,109.6,32.0,7.7,77.6,0.9023761332035065,0.02975708544254298,0.33601324698142643
64,128,0.88,0.95,0.7,0.7,0,0.7,4,0.3010029467947915,0.7716833528857605,39.7,109.6,32.0,7.7,77.6,0.9023761332035065,0.02975708544254298,0.33601324698142643
64,128,0.88,0.95,0.7,0.7,1,0.7,1,0.4420789636869299,0.7962525127677733,61.7,109.6,48.6,13.1,61.0,0.9191199958324432,0.02955282945185896,0.4763311904194157
64,128,0.88,0.95,0.7,0.7,1,0.7,2,0.42467100878232555,0.8223694538452087,57.2,109.6,46.7,10.5,62.9,0.918015205860138,0.031043785437941517,0.4618627572023625
64,128,0.88,0.95,0.7,0.7,1,0.7,4,0.3819267230594261,0.8308709970703159,50.4,109.6,41.6,8.8,68.0,0.917495596408844,0.030314084328710987,0.4203829438565319
64,128,0.88,0.95,0.7,0.7,2,0.7,1,0.4442570605438999,0.7602454670620733,64.9,109.6,48.9,16.0,60.7,0.9196971714496612,0.029871639981865823,0.47571520204463685
64,128,0.88,0.95,0.7,0.7,2,0.7,2,0.42541354612755483,0.7975059625056851,59.0,109.6,46.8,12.2,62.8,0.9183842658996582,0.03128824830055232,0.461008103581079
64,128,0.88,0.95,0.7,0.7,2,0.7,4,0.3819267230594261,0.8195877956524615,51.0,109.6,41.6,9.4,68.0,0.9175288379192352,0.03042744826525446,0.4198413583418176
64,128,0.88,0.95,1.0,0.7,0,0.7,1,0.05453801958537748,0.5851515151515152,7.1,109.6,5.6,1.5,104.0,0.8119728631443448,0.021802802395541186,0.06641269793615379
64,128,0.88,0.95,1.0,0.7,0,0.7,2,0.05453801958537748,0.5851515151515152,7.1,109.6,5.6,1.5,104.0,0.8119728631443448,0.021802802395541186,0.06641269793615379
64,128,0.88,0.95,1.0,0.7,0,0.7,4,0.05453801958537748,0.5851515151515152,7.1,109.6,5.6,1.5,104.0,0.8119728631443448,0.021802802395541186,0.06641269793615379
64,128,0.88,0.95,1.0,0.7,1,0.7,1,0.10345003260845786,0.7548641435291051,13.6,109.6,11.3,2.3,98.3,0.9314439296722412,0.024313711241120438,0.12429755527186681
64,128,0.88,0.95,1.0,0.7,1,0.7,2,0.09863464817567565,0.7445587745587746,13.0,109.6,10.7,2.3,98.9,0.9315441131591797,0.026360501255840003,0.11855993489374231
64,128,0.88,0.95,1.0,0.7,1,0.7,4,0.07971231067773406,0.7029617604617605,10.2,109.6,8.4,1.8,101.2,0.9263747400707669,0.02733553614881299,0.09645063007311207
64,128,0.88,0.95,1.0,0.7,2,0.7,1,0.104342889751315,0.7025544825544825,14.6,109.6,11.4,3.2,98.2,0.9316386878490448,0.025168928463244762,0.12504448125335205
64,128,0.88,0.95,1.0,0.7,2,0.7,2,0.09863464817567565,0.7071320346320347,13.5,109.6,10.7,2.8,98.9,0.9316299855709076,0.02638532305136316,0.11841615633496176
64,128,0.88,0.95,1.0,0.7,2,0.7,4,0.07971231067773406,0.673748575985418,10.5,109.6,8.4,2.1,101.2,0.9267486466301812,0.02763298981719541,0.09638747966357553
64,128,0.88,0.95,1.3,0.7,0,0.7,1,0.00084745762711864,0.1,0.9,109.6,0.1,0.8,109.5,0.18708444833755494,0.0,0.0010570824260600954
64,128,0.88,0.95,1.3,0.7,0,0.7,2,0.00084745762711864,0.1,0.9,109.6,0.1,0.8,109.5,0.18708444833755494,0.0,0.0010570824260600954
64,128,0.88,0.95,1.3,0.7,0,0.7,4,0.00084745762711864,0.1,0.9,109.6,0.1,0.8,109.5,0.18708444833755494,0.0,0.0010570824260600954
64,128,0.88,0.95,1.3,0.7,1,0.7,1,0.00848942793110287,0.3083333333333333,2.2,96.3,1.0,1.2,95.3,0.7900349497795105,0.01306626328732815,0.010536084330449075
64,128,0.88,0.95,1.3,0.7,1,0.7,2,0.00589441230642624,0.325,1.8,96.3,0.7,1.1,95.6,0.7947829564412435,0.0021545444615185,0.007329145181366123
64,128,0.88,0.95,1.3,0.7,1,0.7,4,0.00255685933652034,0.25,1.4,96.3,0.3,1.1,96.0,0.7098348736763,0.0,0.003187010214756818
64,128,0.88,0.95,1.3,0.7,2,0.7,1,0.00848942793110287,0.2816666666666666,2.5,96.3,1.0,1.5,95.3,0.7898323635260264,0.01308472547680135,0.010527257180049505
64,128,0.88,0.95,1.3,0.7,2,0.7,2,0.00589441230642624,0.275,2.0,96.3,0.7,1.3,95.6,0.7947829564412435,0.0021545444615185,0.0073269150234610576
64,128,0.88,0.95,1.3,0.7,2,0.7,4,0.00341156019122119,0.25,1.6,96.3,0.4,1.2,95.9,0.7096254825592041,0.0005922685959376,0.004248571681831924
64,128,0.88,0.98,0.7,0.7,0,0.7,1,0.0,0.0,0.3,109.6,0.0,0.3,109.6,0.0,0.0,0.0
64,128,0.88,0.98,0.7,0.7,0,0.7,2,0.0,0.0,0.3,109.6,0.0,0.3,109.6,0.0,0.0,0.0
64,128,0.88,0.98,0.7,0.7,0,0.7,4,0.0,0.0,0.3,109.6,0.0,0.3,109.6,0.0,0.0,0.0
64,128,0.88,0.98,0.7,0.7,1,0.7,1,0.0017094017094016999,0.2,0.7,76.5,0.2,0.5,76.3,0.35866379737854004,0.0,0.0021321961088556505
64,128,0.88,0.98,0.7,0.7,1,0.7,2,0.0017094017094016999,0.1,0.7,64.8,0.2,0.5,64.6,0.19415366649627688,0.00098445769399404,0.002127659521502932
64,128,0.88,0.98,0.7,0.7,1,0.7,4,0.0,0.0,0.4,40.9,0.0,0.4,40.9,0.0,0.0,0.0
64,128,0.88,0.98,0.7,0.7,2,0.7,1,0.0017094017094016999,0.2,1.0,88.3,0.2,0.8,88.1,0.44832974672317505,0.0,0.0021321961088556505
64,128,0.88,0.98,0.7,0.7,2,0.7,2,0.0017094017094016999,0.1,0.9,76.6,0.2,0.7,76.4,0.2426920831203461,0.00123057211749255,0.002127659521502932
64,128,0.88,0.98,0.7,0.7,2,0.7,4,0.0,0.0,0.5,53.1,0.0,0.5,53.1,0.0,0.0,0.0
64,128,0.88,0.98,1.0,0.7,0,0.7,1,0.0,0.0,0.0,109.6,0.0,0.0,109.6,0.0,0.0,0.0
64,128,0.88,0.98,1.0,0.7,0,0.7,2,0.0,0.0,0.0,109.6,0.0,0.0,109.6,0.0,0.0,0.0
64,128,0.88,0.98,1.0,0.7,0,0.7,4,0.0,0.0,0.0,109.6,0.0,0.0,109.6,0.0,0.0,0.0
64,128,0.88,0.98,1.0,0.7,1,0.7,1,0.0,0.0,0.1,11.2,0.0,0.1,11.2,0.0,0.0,0.0
64,128,0.88,0.98,1.0,0.7,1,0.7,2,0.0,0.0,0.1,11.2,0.0,0.1,11.2,0.0,0.0,0.0
64,128,0.88,0.98,1.0,0.7,1,0.7,4,0.0,0.0,0.0,0.0,0.0,0.0,0.0,0.0,0.0,0.0
64,128,0.88,0.98,1.0,0.7,2,0.7,1,0.0,0.0,0.2,23.4,0.0,0.2,23.4,0.0,0.0,0.0
64,128,0.88,0.98,1.0,0.7,2,0.7,2,0.0,0.0,0.2,23.4,0.0,0.2,23.4,0.0,0.0,0.0
64,128,0.88,0.98,1.0,0.7,2,0.7,4,0.0,0.0,0.0,0.0,0.0,0.0,0.0,0.0,0.0,0.0
64,128,0.88,0.98,1.3,0.7,0,0.7,1,0.0,0.0,0.0,109.6,0.0,0.0,109.6,0.0,0.0,0.0
64,128,0.88,0.98,1.3,0.7,0,0.7,2,0.0,0.0,0.0,109.6,0.0,0.0,109.6,0.0,0.0,0.0
64,128,0.88,0.98,1.3,0.7,0,0.7,4,0.0,0.0,0.0,109.6,0.0,0.0,109.6,0.0,0.0,0.0
64,128,0.88,0.98,1.3,0.7,1,0.7,1,0.0,0.0,0.0,0.0,0.0,0.0,0.0,0.0,0.0,0.0
64,128,0.88,0.98,1.3,0.7,1,0.7,2,0.0,0.0,0.0,0.0,0.0,0.0,0.0,0.0,0.0,0.0
64,128,0.88,0.98,1.3,0.7,1,0.7,4,0.0,0.0,0.0,0.0,0.0,0.0,0.0,0.0,0.0,0.0
64,128,0.88,0.98,1.3,0.7,2,0.7,1,0.0,0.0,0.0,0.0,0.0,0.0,0.0,0.0,0.0,0.0
64,128,0.88,0.98,1.3,0.7,2,0.7,2,0.0,0.0,0.0,0.0,0.0,0.0,0.0,0.0,0.0,0.0
64,128,0.88,0.98,1.3,0.7,2,0.7,4,0.0,0.0,0.0,0.0,0.0,0.0,0.0,0.0,0.0,0.0
128,128,0.72,0.92,0.7,0.7,0,0.7,1,0.6581863015985443,0.5115528431612779,141.3,109.6,70.3,71.0,39.3,0.8820691764354706,0.03511217683553691,0.6075918084989853
128,128,0.72,0.92,0.7,0.7,0,0.7,2,0.6581863015985443,0.5115528431612779,141.3,109.6,70.3,71.0,39.3,0.8820691764354706,0.03511217683553691,0.6075918084989853
128,128,0.72,0.92,0.7,0.7,0,0.7,4,0.6581863015985443,0.5115528431612779,141.3,109.6,70.3,71.0,39.3,0.8820691764354706,0.03511217683553691,0.6075918084989853
128,128,0.72,0.92,0.7,0.7,1,0.7,1,0.7982611881645013,0.4932366094400834,179.4,109.6,86.8,92.6,22.8,0.8998404502868652,0.03715982921421522,0.7027285975253335
128,128,0.72,0.92,0.7,0.7,1,0.7,2,0.790031342263408,0.515454251159713,170.3,109.6,86.1,84.2,23.5,0.901323801279068,0.036768522486090624,0.7055682978400182
128,128,0.72,0.92,0.7,0.7,1,0.7,4,0.7787316326610458,0.54275353635308,159.6,109.6,84.8,74.8,24.8,0.9012608528137207,0.03723840713500972,0.7063594576489354
128,128,0.72,0.92,0.7,0.7,2,0.7,1,0.7997657904098419,0.46344521234055086,192.1,109.6,87.0,105.1,22.6,0.9002625823020936,0.0365093287080526,0.6898496631609085
128,128,0.72,0.92,0.7,0.7,2,0.7,2,0.7911006498004832,0.5002751901524086,176.5,109.6,86.3,90.2,23.3,0.9011869728565216,0.0358915321528911,0.699374554932077
128,128,0.72,0.92,0.7,0.7,2,0.7,4,0.7773938602639514,0.5347090587977121,161.9,109.6,84.6,77.3,25.0,0.9018811404705047,0.03697958923876279,0.7023903274312746
128,128,0.72,0.92,1.0,0.7,0,0.7,1,0.45139732658568194,0.6569494010144512,72.7,109.6,47.9,24.8,61.7,0.8908011436462402,0.03421850875020022,0.47111789124216064
128,128,0.72,0.92,1.0,0.7,0,0.7,2,0.45139732658568194,0.6569494010144512,72.7,109.6,47.9,24.8,61.7,0.8908011436462402,0.03421850875020022,0.47111789124216064
128,128,0.72,0.92,1.0,0.7,0,0.7,4,0.45139732658568194,0.6569494010144512,72.7,109.6,47.9,24.8,61.7,0.8908011436462402,0.03421850875020022,0.47111789124216064
128,128,0.72,0.92,1.0,0.7,1,0.7,1,0.6021195613036129,0.6558762335134811,101.4,109.6,65.8,35.6,43.8,0.9095134675502777,0.03375108428299421,0.6036070266571205
128,128,0.72,0.92,1.0,0.7,1,0.7,2,0.5910491455596067,0.6762511766079158,96.2,109.6,64.5,31.7,45.1,0.9102259278297424,0.03457541316747661,0.5976515977356441
128,128,0.72,0.92,1.0,0.7,1,0.7,4,0.5673297564878946,0.6982093920539654,89.8,109.6,61.9,27.9,47.7,0.9098176121711731,0.03559671472758049,0.5799598865466741
128,128,0.72,0.92,1.0,0.7,2,0.7,1,0.601324746419815,0.6261194957750862,106.7,109.6,65.7,41.0,43.9,0.910826176404953,0.03331244364380833,0.5966889138892485
128,128,0.72,0.92,1.0,0.7,2,0.7,2,0.5901061100046177,0.661309904267339,98.6,109.6,64.4,34.2,45.2,0.9108439862728119,0.03465894069522615,0.5941519407596875
128,128,0.72,0.92,1.0,0.7,2,0.7,4,0.5671220150505525,0.6894432427076078,91.0,109.6,61.9,29.1,47.7,0.9102180361747741,0.03534573018550869,0.5787274033379103
128,128,0.72,0.92,1.3,0.7,0,0.7,1,0.20703465356430534,0.7199660063757358,29.8,109.6,22.2,7.6,87.4,0.8965765476226807,0.03284646496176713,0.23616215887244482
128,128,0.72,0.92,1.3,0.7,0,0.7,2,0.20703465356430534,0.7199660063757358,29.8,109.6,22.2,7.6,87.4,0.8965765476226807,0.03284646496176713,0.23616215887244482
128,128,0.72,0.92,1.3,0.7,0,0.7,4,0.20703465356430534,0.7199660063757358,29.8,109.6,22.2,7.6,87.4,0.8965765476226807,0.03284646496176713,0.23616215887244482
128,128,0.72,0.92,1.3,0.7,1,0.7,1,0.31163868916475307,0.7536596766648832,46.3,109.6,34.5,11.8,75.1,0.9186102032661438,0.03242439217865462,0.3453627337934284
128,128,0.72,0.92,1.3,0.7,1,0.7,2,0.29669644205814916,0.75518098014913,43.4,109.6,32.7,10.7,76.9,0.9197306990623474,0.031731711141765075,0.33056340186106753
128,128,0.72,0.92,1.3,0.7,1,0.7,4,0.2822467189082969,0.7620996727153444,40.6,109.6,31.0,9.6,78.6,0.9181883156299591,0.03121489994227883,0.31627893845198307
128,128,0.72,0.92,1.3,0.7,2,0.7,1,0.3115265256552815,0.7117751440809406,48.9,109.6,34.5,14.4,75.1,0.9197851598262787,0.03235373739153142,0.34332956467704745
128,128,0.72,0.92,1.3,0.7,2,0.7,2,0.2974317361757962,0.7393307560159342,44.5,109.6,32.8,11.7,76.8,0.9200969517230988,0.0321251899003982,0.3305509515882655
128,128,0.72,0.92,1.3,0.7,2,0.7,4,0.28139926128117826,0.7478015443730983,40.9,109.6,30.9,10.0,78.7,0.9185239374637604,0.03146059140563008,0.3153024180170812
128,128,0.72,0.95,0.7,0.7,0,0.7,1,0.36220114342262993,0.6857888901338989,55.5,109.6,38.2,17.3,71.4,0.8935091495513916,0.03341473788022991,0.39051046819409607
128,128,0.72,0.95,0.7,0.7,0,0.7,2,0.36220114342262993,0.6857888901338989,55.5,109.6,38.2,17.3,71.4,0.8935091495513916,0.03341473788022991,0.39051046819409607
128,128,0.72,0.95,0.7,0.7,0,0.7,4,0.36220114342262993,0.6857888901338989,55.5,109.6,38.2,17.3,71.4,0.8935091495513916,0.03341473788022991,0.39051046819409607
128,128,0.72,0.95,0.7,0.7,1,0.7,1,0.5013784178196066,0.6929982785602393,80.4,109.6,54.9,25.5,54.7,0.9131273090839386,0.03375705629587168,0.5211401095308836
128,128,0.72,0.95,0.7,0.7,1,0.7,2,0.4836339026660383,0.7083365325132019,75.3,109.6,52.8,22.5,56.8,0.9141482472419739,0.03439909219741817,0.5077576218814224
128,128,0.72,0.95,0.7,0.7,1,0.7,4,0.46589149664964385,0.7361627099387505,70.2,109.6,50.8,19.4,58.8,0.9143425464630127,0.033073423057794524,0.4936275991591869
128,128,0.72,0.95,0.7,0.7,2,0.7,1,0.502725642631059,0.6585645583227632,85.6,109.6,55.1,30.5,54.5,0.9145227432250976,0.03294398412108416,0.5173017597638889
128,128,0.72,0.95,0.7,0.7,2,0.7,2,0.4834261612286962,0.6924160257530126,77.5,109.6,52.8,24.7,56.8,0.9146317899227142,0.03426190707832569,0.5054791150054341
128,128,0.72,0.95,0.7,0.7,2,0.7,4,0.4665312128394204,0.7287466543192425,71.0,109.6,50.9,20.1,58.7,0.9144743978977203,0.032805445045232716,0.49382976932909706
128,128,0.72,0.95,1.0,0.7,0,0.7,1,0.07626687730127409,0.5725045787545787,10.7,109.6,8.0,2.7,101.6,0.9119314104318619,0.03216049288000374,0.0918684299067439
128,128,0.72,0.95,1.0,0.7,0,0.7,2,0.07626687730127409,0.5725045787545787,10.7,109.6,8.0,2.7,101.6,0.9119314104318619,0.03216049288000374,0.0918684299067439
128,128,0.72,0.95,1.0,0.7,0,0.7,4,0.07626687730127409,0.5725045787545787,10.7,109.6,8.0,2.7,101.6,0.9119314104318619,0.03216049288000374,0.0918684299067439
128,128,0.72,0.95,1.0,0.7,1,0.7,1,0.13078513652173712,0.681968968968969,18.9,109.6,14.3,4.6,95.3,0.9289008259773255,0.02705395203083749,0.15477263526571877
128,128,0.72,0.95,1.0,0.7,1,0.7,2,0.1208292360183193,0.6989496926773142,16.8,109.6,13.1,3.7,96.5,0.927957421541214,0.029082477238262017,0.14384172206507057
128,128,0.72,0.95,1.0,0.7,1,0.7,4,0.11674914570318413,0.702024886877828,16.1,109.6,12.6,3.5,97.0,0.9280124723911285,0.030499513819813688,0.13903265798762762
128,128,0.72,0.95,1.0,0.7,2,0.7,1,0.13078513652173712,0.6138756015226603,20.7,109.6,14.3,6.4,95.3,0.9291490614414215,0.02723405417054886,0.15409385011408921
128,128,0.72,0.95,1.0,0.7,2,0.7,2,0.12172209316117646,0.667210407239819,17.6,109.6,13.2,4.4,96.4,0.9284792900085449,0.029112064611399507,0.14462782345922565
128,128,0.72,0.95,1.0,0.7,2,0.7,4,0.11674914570318413,0.6848820297349709,16.3,109.6,12.6,3.7,97.0,0.9280361473560333,0.030508114770054773,0.13902036462026746
128,128,0.72,0.95,1.3,0.7,0,0.7,1,0.00299031476997578,0.2333333333333333,1.2,109.6,0.3,0.9,109.3,0.46235137184460956,0.0,0.0037186556454632306
128,128,0.72,0.95,1.3,0.7,0,0.7,2,0.00299031476997578,0.2333333333333333,1.2,109.6,0.3,0.9,109.3,0.46235137184460956,0.0,0.0037186556454632306
128,128,0.72,0.95,1.3,0.7,0,0.7,4,0.00299031476997578,0.2333333333333333,1.2,109.6,0.3,0.9,109.3,0.46235137184460956,0.0,0.0037186556454632306
128,128,0.72,0.95,1.3,0.7,1,0.7,1,0.01100310050625085,0.42000000000000004,2.7,109.6,1.2,1.5,108.4,0.9413257241249084,0.0175192075160642,0.013658240840083453
128,128,0.72,0.95,1.3,0.7,1,0.7,2,0.00973942793110287,0.3166666666666667,2.6,109.6,1.1,1.5,108.5,0.9442274868488312,0.016996605476985335,0.012073451510985721
128,128,0.72,0.95,1.3,0.7,1,0.7,4,0.00803726944928338,0.37,2.1,96.3,0.9,1.2,95.4,0.8099602631160191,0.013236946426331964,0.009981654475298675
128,128,0.72,0.95,1.3,0.7,2,0.7,1,0.01100310050625085,0.28833333333333333,3.7,109.6,1.2,2.5,108.4,0.9408463537693024,0.01669809827581043,0.013616310646095614
128,128,0.72,0.95,1.3,0.7,2,0.7,2,0.00973942793110287,0.29000000000000004,2.9,109.6,1.1,1.8,108.5,0.9443546533584595,0.0171136780021091,0.012064624360586149
128,128,0.72,0.95,1.3,0.7,2,0.7,4,0.00803726944928338,0.37,2.2,96.3,0.9,1.3,95.4,0.8099602631160191,0.013236946426331964,0.009981654475298675
128,128,0.72,0.98,0.7,0.7,0,0.7,1,0.0,0.0,0.6,109.6,0.0,0.6,109.6,0.0,0.0,0.0
128,128,0.72,0.98,0.7,0.7,0,0.7,2,0.0,0.0,0.6,109.6,0.0,0.6,109.6,0.0,0.0,0.0
128,128,0.72,0.98,0.7,0.7,0,0.7,4,0.0,0.0,0.6,109.6,0.0,0.6,109.6,0.0,0.0,0.0
128,128,0.72,0.98,0.7,0.7,1,0.7,1,0.00255685933652034,0.3,1.4,109.6,0.3,1.1,109.3,0.9169134895006815,,0.003189278534915746
128,128,0.72,0.98,0.7,0.7,1,0.7,2,0.0017094017094016999,0.2,1.1,97.8,0.2,0.9,97.6,0.5977729956309,0.0,0.0021321961088556505
128,128,0.72,0.98,0.7,0.7,1,0.7,4,0.0017094017094016999,0.1,1.0,72.8,0.2,0.8,72.6,0.2426920831203461,0.00123057211749255,0.002127659521502932
128,128,0.72,0.98,0.7,0.7,2,0.7,1,0.00255685933652034,0.08095238095238094,3.2,109.6,0.3,2.9,109.3,0.9169134895006815,,0.003166833944104843
128,128,0.72,0.98,0.7,0.7,2,0.7,2,0.0017094017094016999,0.2,1.4,109.6,0.2,1.2,109.4,0.8966594934463501,,0.0021321961088556505
128,128,0.72,0.98,0.7,0.7,2,0.7,4,0.0017094017094016999,0.1,1.1,72.8,0.2,0.9,72.6,0.2426920831203461,0.00123057211749255,0.002127659521502932
128,128,0.72,0.98,1.0,0.7,0,0.7,1,0.0,0.0,0.0,109.6,0.0,0.0,109.6,0.0,0.0,0.0
128,128,0.72,0.98,1.0,0.7,0,0.7,2,0.0,0.0,0.0,109.6,0.0,0.0,109.6,0.0,0.0,0.0
128,128,0.72,0.98,1.0,0.7,0,0.7,4,0.0,0.0,0.0,109.6,0.0,0.0,109.6,0.0,0.0,0.0
128,128,0.72,0.98,1.0,0.7,1,0.7,1,0.0,0.0,0.3,24.5,0.0,0.3,24.5,0.0,0.0,0.0
128,128,0.72,0.98,1.0,0.7,1,0.7,2,0.0,0.0,0.2,24.5,0.0,0.2,24.5,0.0,0.0,0.0
128,128,0.72,0.98,1.0,0.7,1,0.7,4,0.0,0.0,0.1,11.2,0.0,0.1,11.2,0.0,0.0,0.0
128,128,0.72,0.98,1.0,0.7,2,0.7,1,0.0,0.0,0.9,70.0,0.0,0.9,70.0,0.0,0.0,0.0
128,128,0.72,0.98,1.0,0.7,2,0.7,2,0.0,0.0,0.3,36.7,0.0,0.3,36.7,0.0,0.0,0.0
128,128,0.72,0.98,1.0,0.7,2,0.7,4,0.0,0.0,0.1,11.2,0.0,0.1,11.2,0.0,0.0,0.0
128,128,0.72,0.98,1.3,0.7,0,0.7,1,0.0,0.0,0.0,109.6,0.0,0.0,109.6,0.0,0.0,0.0
128,128,0.72,0.98,1.3,0.7,0,0.7,2,0.0,0.0,0.0,109.6,0.0,0.0,109.6,0.0,0.0,0.0
128,128,0.72,0.98,1.3,0.7,0,0.7,4,0.0,0.0,0.0,109.6,0.0,0.0,109.6,0.0,0.0,0.0
128,128,0.72,0.98,1.3,0.7,1,0.7,1,0.0,0.0,0.1,13.3,0.0,0.1,13.3,0.0,0.0,0.0
128,128,0.72,0.98,1.3,0.7,1,0.7,2,0.0,0.0,0.0,0.0,0.0,0.0,0.0,0.0,0.0,0.0
128,128,0.72,0.98,1.3,0.7,1,0.7,4,0.0,0.0,0.0,0.0,0.0,0.0,0.0,0.0,0.0,0.0
128,128,0.72,0.98,1.3,0.7,2,0.7,1,0.0,0.0,0.3,24.5,0.0,0.3,24.5,0.0,0.0,0.0
128,128,0.72,0.98,1.3,0.7,2,0.7,2,0.0,0.0,0.0,0.0,0.0,0.0,0.0,0.0,0.0,0.0
128,128,0.72,0.98,1.3,0.7,2,0.7,4,0.0,0.0,0.0,0.0,0.0,0.0,0.0,0.0,0.0,0.0
128,128,0.8,0.92,0.7,0.7,0,0.7,1,0.631354721926615,0.5507513677756499,126.4,109.6,67.3,59.1,42.3,0.8823765218257904,0.035004703141748875,0.597393275407707
128,128,0.8,0.92,0.7,0.7,0,0.7,2,0.631354721926615,0.5507513677756499,126.4,109.6,67.3,59.1,42.3,0.8823765218257904,0.035004703141748875,0.597393275407707
128,128,0.8,0.92,0.7,0.7,0,0.7,4,0.631354721926615,0.5507513677756499,126.4,109.6,67.3,59.1,42.3,0.8823765218257904,0.035004703141748875,0.597393275407707
128,128,0.8,0.92,0.7,0.7,1,0.7,1,0.7799517819591528,0.5306082949271206,163.9,109.6,84.9,79.0,24.7,0.9007148504257202,0.03678995557129378,0.7041622834582396
128,128,0.8,0.92,0.7,0.7,1,0.7,2,0.7764462468350019,0.5537796724557624,156.2,109.6,84.6,71.6,25.0,0.9020090579986573,0.03663163073360915,0.7093703666603451
128,128,0.8,0.92,0.7,0.7,1,0.7,4,0.7590867709755051,0.578940651059209,146.4,109.6,82.7,63.7,26.9,0.9020753026008606,0.03693213015794749,0.7038493998604987
128,128,0.8,0.92,0.7,0.7,2,0.7,1,0.7824965405973417,0.5062552992700711,173.3,109.6,85.2,88.1,24.4,0.9008967459201813,0.03628605082631106,0.6958334484922737
128,128,0.8,0.92,0.7,0.7,2,0.7,2,0.7763323214091831,0.5380615170346777,161.4,109.6,84.7,76.7,24.9,0.9018598377704621,0.03585990481078619,0.7031532241505439
128,128,0.8,0.92,0.7,0.7,2,0.7,4,0.7586036994331116,0.5693123675248677,148.9,109.6,82.6,66.3,27.0,0.9026279866695404,0.03680343404412265,0.7003034128549286
128,128,0.8,0.92,1.0,0.7,0,0.7,1,0.4454308135341437,0.6654834520664643,70.7,109.6,47.2,23.5,62.4,0.8904560387134552,0.03379914946854109,0.46623363831891307
128,128,0.8,0.92,1.0,0.7,0,0.7,2,0.4454308135341437,0.6654834520664643,70.7,109.6,47.2,23.5,62.4,0.8904560387134552,0.03379914946854109,0.46623363831891307
128,128,0.8,0.92,1.0,0.7,0,0.7,4,0.4454308135341437,0.6654834520664643,70.7,109.6,47.2,23.5,62.4,0.8904560387134552,0.03379914946854109,0.46623363831891307
128,128,0.8,0.92,1.0,0.7,1,0.7,1,0.5984598942001174,0.6753842293464741,98.5,109.6,65.4,33.1,44.2,0.9097389996051788,0.03359958119690413,0.603084665013163
128,128,0.8,0.92,1.0,0.7,1,0.7,2,0.5873051004426109,0.6915567830465587,93.8,109.6,64.1,29.7,45.5,0.9104925870895386,0.03435274772346014,0.5963548214982952
128,128,0.8,0.92,1.0,0.7,1,0.7,4,0.5628338316716506,0.7155529872239693,87.4,109.6,61.4,26.0,48.2,0.9100136041641236,0.035509750060737075,0.5775428201478848
128,128,0.8,0.92,1.0,0.7,2,0.7,1,0.5976650793163195,0.6515191461619481,102.5,109.6,65.3,37.2,44.3,0.9110554873943328,0.03315737657248971,0.5978736981491983
128,128,0.8,0.92,1.0,0.7,2,0.7,2,0.5863620648876217,0.6765486118406888,96.0,109.6,64.0,32.0,45.6,0.9111121296882629,0.034449983015656424,0.5931601056306177
128,128,0.8,0.92,1.0,0.7,2,0.7,4,0.5618742105350604,0.7051639557337256,88.6,109.6,61.3,27.3,48.3,0.9104913413524628,0.03530608713626858,0.5753523772451398
128,128,0.8,0.92,1.3,0.7,0,0.7,1,0.20621498143315775,0.704891176443763,29.6,109.6,22.1,7.5,87.5,0.8998098373413086,0.03141545214586781,0.2352267544979818
128,128,0.8,0.92,1.3,0.7,0,0.7,2,0.20621498143315775,0.704891176443763,29.6,109.6,22.1,7.5,87.5,0.8998098373413086,0.03141545214586781,0.2352267544979818
128,128,0.8,0.92,1.3,0.7,0,0.7,4,0.20621498143315775,0.704891176443763,29.6,109.6,22.1,7.5,87.5,0.8998098373413086,0.03141545214586781,0.2352267544979818
128,128,0.8,0.92,1.3,0.7,1,0.7,1,0.3099261598907484,0.7635759239689418,45.5,109.6,34.3,11.2,75.3,0.9192968368530273,0.03154550492763514,0.34401348929014186
128,128,0.8,0.92,1.3,0.7,1,0.7,2,0.2958767699270016,0.759947714429049,43.1,109.6,32.6,10.5,77.0,0.9203322410583497,0.03106375876814122,0.32971336611010893
128,128,0.8,0.92,1.3,0.7,1,0.7,4,0.28067516707790124,0.7680132367632367,40.1,109.6,30.8,9.3,78.8,0.9188452959060669,0.03068080022931096,0.3146077386344731
128,128,0.8,0.92,1.3,0.7,2,0.7,1,0.3098139963812768,0.7261356431577588,47.5,109.6,34.3,13.2,75.3,0.92048779129982,0.03144759144634004,0.34253119737994014
128,128,0.8,0.92,1.3,0.7,2,0.7,2,0.2966120640446487,0.7404134699177432,44.2,109.6,32.7,11.5,76.9,0.9206981480121612,0.031477473676204626,0.32977034520155685
128,128,0.8,0.92,1.3,0.7,2,0.7,4,0.2798277094507826,0.7533054445554446,40.4,109.6,30.7,9.7,78.9,0.919199937582016,0.0309562265872955,0.3136349826177475
128,128,0.8,0.95,0.7,0.7,0,0.7,1,0.35979147631913444,0.6951713621381371,54.1,109.6,37.9,16.2,71.7,0.8940504848957062,0.03350198902189727,0.3889522777507503
128,128,0.8,0.95,0.7,0.7,0,0.7,2,0.35979147631913444,0.6951713621381371,54.1,109.6,37.9,16.2,71.7,0.8940504848957062,0.03350198902189727,0.3889522777507503
128,128,0.8,0.95,0.7,0.7,0,0.7,4,0.35979147631913444,0.6951713621381371,54.1,109.6,37.9,16.2,71.7,0.8940504848957062,0.03350198902189727,0.3889522777507503
128,128,0.8,0.95,0.7,0.7,1,0.7,1,0.49970404483375813,0.7104297705954172,78.4,109.6,54.7,23.7,54.9,0.9132791101932526,0.033599906042218144,0.5213393944305699
128,128,0.8,0.95,0.7,0.7,1,0.7,2,0.4819595296801899,0.7222919135851786,73.7,109.6,52.6,21.1,57.0,0.914308762550354,0.03426494337618347,0.5075280385698615
128,128,0.8,0.95,0.7,0.7,1,0.7,4,0.4626105431098465,0.7389427700467872,69.3,109.6,50.4,18.9,59.2,0.9145927965641022,0.032948657870292615,0.49080014105232195
128,128,0.8,0.95,0.7,0.7,2,0.7,1,0.5010512696452106,0.6847631516127053,82.2,109.6,54.9,27.3,54.7,0.9146792769432068,0.03274459186941381,0.519092247272036
128,128,0.8,0.95,0.7,0.7,2,0.7,2,0.4817517882428478,0.7051083034448655,75.9,109.6,52.6,23.3,57.0,0.9147989869117736,0.03410297092050308,0.5053430575679297
128,128,0.8,0.95,0.7,0.7,2,0.7,4,0.46249837960037493,0.7306445103004611,70.0,109.6,50.4,19.6,59.2,0.9149416148662567,0.03266490139067168,0.4901246306262371
128,128,0.8,0.95,1.0,0.7,0,0.7,1,0.07626687730127409,0.5725045787545787,10.6,109.6,8.0,2.6,101.6,0.810605698161655,0.028140431270003274,0.0918684299067439
128,128,0.8,0.95,1.0,0.7,0,0.7,2,0.07626687730127409,0.5725045787545787,10.6,109.6,8.0,2.6,101.6,0.810605698161655,0.028140431270003274,0.0918684299067439
128,128,0.8,0.95,1.0,0.7,0,0.7,4,0.07626687730127409,0.5725045787545787,10.6,109.6,8.0,2.6,101.6,0.810605698161655,0.028140431270003274,0.0918684299067439
128,128,0.8,0.95,1.0,0.7,1,0.7,1,0.13078513652173712,0.7091517559063198,18.4,109.6,14.3,4.1,95.3,0.9289008259773255,0.02705395203083749,0.15497316663997218
128,128,0.8,0.95,1.0,0.7,1,0.7,2,0.1208292360183193,0.7180998903057727,16.6,109.6,13.1,3.5,96.5,0.927957421541214,0.029082477238262017,0.14389154896243206
128,128,0.8,0.95,1.0,0.7,1,0.7,4,0.11674914570318413,0.7170248868778281,16.0,109.6,12.6,3.4,97.0,0.9280124723911285,0.030499513819813688,0.13903884215123744
128,128,0.8,0.95,1.0,0.7,2,0.7,1,0.13078513652173712,0.647547792621322,19.7,109.6,14.3,5.4,95.3,0.9291490614414215,0.02723405417054886,0.15451099815282388
128,128,0.8,0.95,1.0,0.7,2,0.7,2,0.12172209316117646,0.680710407239819,17.4,109.6,13.2,4.2,96.4,0.9284792900085449,0.029112064611399507,0.14467727157979732
128,128,0.8,0.95,1.0,0.7,2,0.7,4,0.11674914570318413,0.692024886877828,16.2,109.6,12.6,3.6,97.0,0.9280361473560333,0.030508114770054773,0.13902649886121804
128,128,0.8,0.95,1.3,0.7,0,0.7,1,0.00299031476997578,0.2333333333333333,1.2,109.6,0.3,0.9,109.3,0.46235137184460956,0.0,0.0037186556454632306
128,128,0.8,0.95,1.3,0.7,0,0.7,2,0.00299031476997578,0.2333333333333333,1.2,109.6,0.3,0.9,109.3,0.46235137184460956,0.0,0.0037186556454632306
128,128,0.8,0.95,1.3,0.7,0,0.7,4,0.00299031476997578,0.2333333333333333,1.2,109.6,0.3,0.9,109.3,0.46235137184460956,0.0,0.0037186556454632306
128,128,0.8,0.95,1.3,0.7,1,0.7,1,0.01100310050625085,0.4366666666666667,2.6,109.6,1.2,1.4,108.4,0.9413257241249084,0.0175192075160642,0.013663146386819277
128,128,0.8,0.95,1.3,0.7,1,0.7,2,0.00973942793110287,0.33666666666666667,2.5,109.6,1.1,1.4,108.5,0.9442274868488312,0.016996605476985335,0.012082409862557835
128,128,0.8,0.95,1.3,0.7,1,0.7,4,0.00803726944928338,0.37,2.1,96.3,0.9,1.2,95.4,0.8099602631160191,0.013236946426331964,0.009981654475298675
128,128,0.8,0.95,1.3,0.7,2,0.7,1,0.01100310050625085,0.3433333333333333,3.2,109.6,1.2,2.0,108.4,0.9408463537693024,0.01669809827581043,0.013641165197629168
128,128,0.8,0.95,1.3,0.7,2,0.7,2,0.00973942793110287,0.31,2.8,109.6,1.1,1.7,108.5,0.9443546533584595,0.0171136780021091,0.012073582712158264
128,128,0.8,0.95,1.3,0.7,2,0.7,4,0.00803726944928338,0.37,2.2,96.3,0.9,1.3,95.4,0.8099602631160191,0.013236946426331964,0.009981654475298675
128,128,0.8,0.98,0.7,0.7,0,0.7,1,0.0,0.0,0.6,109.6,0.0,0.6,109.6,0.0,0.0,0.0
128,128,0.8,0.98,0.7,0.7,0,0.7,2,0.0,0.0,0.6,109.6,0.0,0.6,109.6,0.0,0.0,0.0
128,128,0.8,0.98,0.7,0.7,0,0.7,4,0.0,0.0,0.6,109.6,0.0,0.6,109.6,0.0,0.0,0.0
128,128,0.8,0.98,0.7,0.7,1,0.7,1,0.00255685933652034,0.3,1.2,109.6,0.3,0.9,109.3,0.9169134895006815,,0.003189278534915746
128,128,0.8,0.98,0.7,0.7,1,0.7,2,0.0017094017094016999,0.2,1.1,97.8,0.2,0.9,97.6,0.5977729956309,0.0,0.0021321961088556505
128,128,0.8,0.98,0.7,0.7,1,0.7,4,0.0017094017094016999,0.1,1.0,72.8,0.2,0.8,72.6,0.2426920831203461,0.00123057211749255,0.002127659521502932
128,128,0.8,0.98,0.7,0.7,2,0.7,1,0.00255685933652034,0.11666666666666665,2.0,109.6,0.3,1.7,109.3,0.9169134895006815,,0.0031780322809221912
128,128,0.8,0.98,0.7,0.7,2,0.7,2,0.0017094017094016999,0.2,1.3,109.6,0.2,1.1,109.4,0.8966594934463501,,0.0021321961088556505
128,128,0.8,0.98,0.7,0.7,2,0.7,4,0.0017094017094016999,0.1,1.1,72.8,0.2,0.9,72.6,0.2426920831203461,0.00123057211749255,0.002127659521502932
128,128,0.8,0.98,1.0,0.7,0,0.7,1,0.0,0.0,0.0,109.6,0.0,0.0,109.6,0.0,0.0,0.0
128,128,0.8,0.98,1.0,0.7,0,0.7,2,0.0,0.0,0.0,109.6,0.0,0.0,109.6,0.0,0.0,0.0
128,128,0.8,0.98,1.0,0.7,0,0.7,4,0.0,0.0,0.0,109.6,0.0,0.0,109.6,0.0,0.0,0.0
128,128,0.8,0.98,1.0,0.7,1,0.7,1,0.0,0.0,0.2,24.5,0.0,0.2,24.5,0.0,0.0,0.0
128,128,0.8,0.98,1.0,0.7,1,0.7,2,0.0,0.0,0.2,24.5,0.0,0.2,24.5,0.0,0.0,0.0
128,128,0.8,0.98,1.0,0.7,1,0.7,4,0.0,0.0,0.1,11.2,0.0,0.1,11.2,0.0,0.0,0.0
128,128,0.8,0.98,1.0,0.7,2,0.7,1,0.0,0.0,0.3,36.7,0.0,0.3,36.7,0.0,0.0,0.0
128,128,0.8,0.98,1.0,0.7,2,0.7,2,0.0,0.0,0.3,36.7,0.0,0.3,36.7,0.0,0.0,0.0
128,128,0.8,0.98,1.0,0.7,2,0.7,4,0.0,0.0,0.1,11.2,0.0,0.1,11.2,0.0,0.0,0.0
128,128,0.8,0.98,1.3,0.7,0,0.7,1,0.0,0.0,0.0,109.6,0.0,0.0,109.6,0.0,0.0,0.0
128,128,0.8,0.98,1.3,0.7,0,0.7,2,0.0,0.0,0.0,109.6,0.0,0.0,109.6,0.0,0.0,0.0
128,128,0.8,0.98,1.3,0.7,0,0.7,4,0.0,0.0,0.0,109.6,0.0,0.0,109.6,0.0,0.0,0.0
128,128,0.8,0.98,1.3,0.7,1,0.7,1,0.0,0.0,0.1,13.3,0.0,0.1,13.3,0.0,0.0,0.0
128,128,0.8,0.98,1.3,0.7,1,0.7,2,0.0,0.0,0.0,0.0,0.0,0.0,0.0,0.0,0.0,0.0
128,128,0.8,0.98,1.3,0.7,1,0.7,4,0.0,0.0,0.0,0.0,0.0,0.0,0.0,0.0,0.0,0.0
128,128,0.8,0.98,1.3,0.7,2,0.7,1,0.0,0.0,0.1,13.3,0.0,0.1,13.3,0.0,0.0,0.0
128,128,0.8,0.98,1.3,0.7,2,0.7,2,0.0,0.0,0.0,0.0,0.0,0.0,0.0,0.0,0.0,0.0
128,128,0.8,0.98,1.3,0.7,2,0.7,4,0.0,0.0,0.0,0.0,0.0,0.0,0.0,0.0,0.0,0.0
128,128,0.88,0.92,0.7,0.7,0,0.7,1,0.5092533761685689,0.6081397344585995,91.5,109.6,54.4,37.1,55.2,0.8869102001190186,0.03358292728662485,0.5134137348600365
128,128,0.88,0.92,0.7,0.7,0,0.7,2,0.5092533761685689,0.6081397344585995,91.5,109.6,54.4,37.1,55.2,0.8869102001190186,0.03358292728662485,0.5134137348600365
128,128,0.88,0.92,0.7,0.7,0,0.7,4,0.5092533761685689,0.6081397344585995,91.5,109.6,54.4,37.1,55.2,0.8869102001190186,0.03358292728662485,0.5134137348600365
128,128,0.88,0.92,0.7,0.7,1,0.7,1,0.7055206822258031,0.6124351053982675,128.8,109.6,77.1,51.7,32.5,0.9047923684120178,0.03446287419646974,0.6738867401597177
128,128,0.88,0.92,0.7,0.7,1,0.7,2,0.6965112520007585,0.6368892936691506,122.3,109.6,76.1,46.2,33.5,0.9060007810592652,0.033987294323742354,0.672621619729702
128,128,0.88,0.92,0.7,0.7,1,0.7,4,0.6773781909964894,0.6623774311599806,114.4,109.6,74.1,40.3,35.5,0.9061390042304993,0.03429581150412554,0.6626424491432303
128,128,0.88,0.92,0.7,0.7,2,0.7,1,0.7082634479384898,0.5794916503194142,137.8,109.6,77.4,60.4,32.2,0.9049631953239441,0.034208920784294564,0.6667387494742323
128,128,0.88,0.92,0.7,0.7,2,0.7,2,0.7007596346722927,0.6171384903938611,127.8,109.6,76.6,51.2,33.0,0.9053481936454773,0.033780822716653294,0.6704868103856259
128,128,0.88,0.92,0.7,0.7,2,0.7,4,0.6777529478733997,0.6536651872021848,116.1,109.6,74.1,42.0,35.5,0.9063488781452179,0.03446308150887486,0.6609354891737456
128,128,0.88,0.92,1.0,0.7,0,0.7,1,0.3982684364950863,0.6888069767750152,60.6,109.6,42.4,18.2,67.2,0.8926845788955688,0.03180901035666461,0.4260613820446769
128,128,0.88,0.92,1.0,0.7,0,0.7,2,0.3982684364950863,0.6888069767750152,60.6,109.6,42.4,18.2,67.2,0.8926845788955688,0.03180901035666461,0.4260613820446769
128,128,0.88,0.92,1.0,0.7,0,0.7,4,0.3982684364950863,0.6888069767750152,60.6,109.6,42.4,18.2,67.2,0.8926845788955688,0.03180901035666461,0.4260613820446769
128,128,0.88,0.92,1.0,0.7,1,0.7,1,0.5664354415961383,0.7024391876460708,89.4,109.6,62.1,27.3,47.5,0.9120533168315887,0.031509599275886965,0.5794060250762092
128,128,0.88,0.92,1.0,0.7,1,0.7,2,0.5543152163241087,0.7253728299505166,84.4,109.6,60.7,23.7,48.9,0.9135324060916901,0.031290465593337966,0.5721947889426586
128,128,0.88,0.92,1.0,0.7,1,0.7,4,0.5335714667983554,0.7455083268947462,79.2,109.6,58.5,20.7,51.1,0.9124938547611237,0.03353733383119101,0.5560504033636318
128,128,0.88,0.92,1.0,0.7,2,0.7,1,0.5653636569500765,0.6731954152725657,93.8,109.6,62.0,31.8,47.6,0.9130764186382294,0.03139751665294166,0.5735935118017563
128,128,0.88,0.92,1.0,0.7,2,0.7,2,0.555765262291014,0.7071374758564316,87.0,109.6,60.9,26.1,48.7,0.9141280055046082,0.03151563629508014,0.5708751715549338
128,128,0.88,0.92,1.0,0.7,2,0.7,4,0.5326118456617651,0.733175489902808,80.3,109.6,58.4,21.9,51.2,0.9130129158496857,0.033205422572791535,0.5539101834405173
128,128,0.88,0.92,1.3,0.7,0,0.7,1,0.19678224844110276,0.7348410803729953,27.7,109.6,21.2,6.5,88.4,0.9016267836093903,0.028822035011317932,0.2258960565060077
128,128,0.88,0.92,1.3,0.7,0,0.7,2,0.19678224844110276,0.7348410803729953,27.7,109.6,21.2,6.5,88.4,0.9016267836093903,0.028822035011317932,0.2258960565060077
128,128,0.88,0.92,1.3,0.7,0,0.7,4,0.19678224844110276,0.7348410803729953,27.7,109.6,21.2,6.5,88.4,0.9016267836093903,0.028822035011317932,0.2258960565060077
128,128,0.88,0.92,1.3,0.7,1,0.7,1,0.300206903791851,0.7941121000789193,42.7,109.6,33.3,9.4,76.3,0.9199501991271972,0.029293027985841002,0.3352036940375455
128,128,0.88,0.92,1.3,0.7,1,0.7,2,0.2869771859592518,0.7911291346807798,40.6,109.6,31.7,8.9,77.9,0.9212032735347748,0.028571091778576318,0.32158769017143285
128,128,0.88,0.92,1.3,0.7,1,0.7,4,0.2686783315217437,0.7970936376052122,37.5,109.6,29.6,7.9,80.0,0.9200286746025086,0.028289286512881477,0.3032596547854599
128,128,0.88,0.92,1.3,0.7,2,0.7,1,0.29935944616473237,0.7464337779014718,44.9,109.6,33.2,11.7,76.4,0.9213397562503814,0.029016652610152932,0.33275646019981836
128,128,0.88,0.92,1.3,0.7,2,0.7,2,0.28771248007689887,0.768807760013823,41.8,109.6,31.8,10.0,77.8,0.9215851128101349,0.02897255513817066,0.3215392941459254
128,128,0.88,0.92,1.3,0.7,2,0.7,4,0.267830873894625,0.779747210890581,37.9,109.6,29.5,8.4,80.1,0.9204022884368896,0.028575431369245008,0.3021674708643922
128,128,0.88,0.95,0.7,0.7,0,0.7,1,0.3265356459865437,0.7045468938665969,48.2,109.6,34.6,13.6,75.0,0.8978220164775849,0.03055034093558785,0.3576177178682197
128,128,0.88,0.95,0.7,0.7,0,0.7,2,0.3265356459865437,0.7045468938665969,48.2,109.6,34.6,13.6,75.0,0.8978220164775849,0.03055034093558785,0.3576177178682197
128,128,0.88,0.95,0.7,0.7,0,0.7,4,0.3265356459865437,0.7045468938665969,48.2,109.6,34.6,13.6,75.0,0.8978220164775849,0.03055034093558785,0.3576177178682197
128,128,0.88,0.95,0.7,0.7,1,0.7,1,0.4703238166576151,0.7338936312343926,71.4,109.6,51.6,19.8,58.0,0.9156676352024078,0.0316141171380877,0.49712524120237467
128,128,0.88,0.95,0.7,0.7,1,0.7,2,0.45304923685103143,0.751643225255976,67.3,109.6,49.6,17.7,60.0,0.9175124764442444,0.03069710358977314,0.4826102502928877
128,128,0.88,0.95,0.7,0.7,1,0.7,4,0.4375631138533039,0.7663301131157697,63.5,109.6,47.9,15.6,61.7,0.9162940442562103,0.03172559887170787,0.46976231496507503
128,128,0.88,0.95,0.7,0.7,2,0.7,1,0.4734020138850245,0.7056104522517825,75.2,109.6,52.0,23.2,57.6,0.9166497409343719,0.03091358393430705,0.4966920288456326
128,128,0.88,0.95,0.7,0.7,2,0.7,2,0.4536445819632358,0.7323043303477484,69.4,109.6,49.7,19.7,59.9,0.9178558707237243,0.03106494452804324,0.48139005140704666
128,128,0.88,0.95,0.7,0.7,2,0.7,4,0.4374509503438323,0.7537978367609028,64.3,109.6,47.9,16.4,61.7,0.9166346848011017,0.031430632807314354,0.46900630679244665
128,128,0.88,0.95,1.0,0.7,0,0.7,1,0.07298288188492573,0.5803818464144551,10.0,109.6,7.7,2.3,101.9,0.8121321400006613,0.026909033302217673,0.08811352475799772
128,128,0.88,0.95,1.0,0.7,0,0.7,2,0.07298288188492573,0.5803818464144551,10.0,109.6,7.7,2.3,101.9,0.8121321400006613,0.026909033302217673,0.08811352475799772
128,128,0.88,0.95,1.0,0.7,0,0.7,4,0.07298288188492573,0.5803818464144551,10.0,109.6,7.7,2.3,101.9,0.8121321400006613,0.026909033302217673,0.08811352475799772
128,128,0.88,0.95,1.0,0.7,1,0.7,1,0.12567957588651543,0.7401508852878022,17.2,109.6,13.8,3.4,95.8,0.9300996482372283,0.02561591714620585,0.14938147225595294
128,128,0.88,0.95,1.0,0.7,1,0.7,2,0.11742583386491715,0.7410689310689311,15.9,109.6,12.8,3.1,96.8,0.9291945219039917,0.02749353531398806,0.14006335398024866
128,128,0.88,0.95,1.0,0.7,1,0.7,4,0.11334574354978197,0.7334483451891582,15.4,109.6,12.3,3.1,97.3,0.9284771263599396,0.02988266292959447,0.13522521204109844
128,128,0.88,0.95,1.0,0.7,2,0.7,1,0.12653427674121628,0.6908146155204979,18.3,109.6,13.9,4.4,95.7,0.9298815190792084,0.026476331800222346,0.15000017900950124
128,128,0.88,0.95,1.0,0.7,2,0.7,2,0.1183186910077743,0.7036684372745754,16.6,109.6,12.9,3.7,96.7,0.9297248363494873,0.02753553479560646,0.14089632117764656
128,128,0.88,0.95,1.0,0.7,2,0.7,4,0.11334574354978197,0.7184483451891582,15.5,109.6,12.3,3.2,97.3,0.9285116910934448,0.0299001026898622,0.13521902787748863
128,128,0.88,0.95,1.3,0.7,0,0.7,1,0.00299031476997578,0.2333333333333333,1.2,109.6,0.3,0.9,109.3,0.46235137184460956,0.0,0.0037186556454632306
128,128,0.88,0.95,1.3,0.7,0,0.7,2,0.00299031476997578,0.2333333333333333,1.2,109.6,0.3,0.9,109.3,0.46235137184460956,0.0,0.0037186556454632306
128,128,0.88,0.95,1.3,0.7,0,0.7,4,0.00299031476997578,0.2333333333333333,1.2,109.6,0.3,0.9,109.3,0.46235137184460956,0.0,0.0037186556454632306
128,128,0.88,0.95,1.3,0.7,1,0.7,1,0.01100310050625085,0.4366666666666667,2.5,96.3,1.2,1.3,95.1,0.8367339769999186,0.01313940563704815,0.013663146386819277
128,128,0.88,0.95,1.3,0.7,1,0.7,2,0.00973942793110287,0.33666666666666667,2.4,96.3,1.1,1.3,95.2,0.8093378458704267,0.012747454107739,0.012082409862557835
128,128,0.88,0.95,1.3,0.7,1,0.7,4,0.00803726944928338,0.37,2.1,96.3,0.9,1.2,95.4,0.8099602631160191,0.013236946426331964,0.009981654475298675
128,128,0.88,0.95,1.3,0.7,2,0.7,1,0.01100310050625085,0.39333333333333337,2.9,109.6,1.2,1.7,108.4,0.9408463537693024,0.01669809827581043,0.013652240986958669
128,128,0.88,0.95,1.3,0.7,2,0.7,2,0.00973942793110287,0.31,2.7,96.3,1.1,1.6,95.2,0.8094468457358224,0.012835258501581825,0.012073582712158264
128,128,0.88,0.95,1.3,0.7,2,0.7,4,0.00803726944928338,0.37,2.2,96.3,0.9,1.3,95.4,0.8099602631160191,0.013236946426331964,0.009981654475298675
128,128,0.88,0.98,0.7,0.7,0,0.7,1,0.0,0.0,0.6,109.6,0.0,0.6,109.6,0.0,0.0,0.0
128,128,0.88,0.98,0.7,0.7,0,0.7,2,0.0,0.0,0.6,109.6,0.0,0.6,109.6,0.0,0.0,0.0
128,128,0.88,0.98,0.7,0.7,0,0.7,4,0.0,0.0,0.6,109.6,0.0,0.6,109.6,0.0,0.0,0.0
128,128,0.88,0.98,0.7,0.7,1,0.7,1,0.00255685933652034,0.3,1.1,96.3,0.3,0.8,96.0,0.6876851171255112,0.0,0.003189278534915746
128,128,0.88,0.98,0.7,0.7,1,0.7,2,0.0017094017094016999,0.2,1.0,84.5,0.2,0.8,84.3,0.44832974672317505,0.0,0.0021321961088556505
128,128,0.88,0.98,0.7,0.7,1,0.7,4,0.0017094017094016999,0.1,1.0,72.8,0.2,0.8,72.6,0.2426920831203461,0.00123057211749255,0.002127659521502932
128,128,0.88,0.98,0.7,0.7,2,0.7,1,0.00255685933652034,0.18333333333333332,1.6,109.6,0.3,1.3,109.3,0.9169134895006815,,0.003182559289195338
128,128,0.88,0.98,0.7,0.7,2,0.7,2,0.0017094017094016999,0.2,1.2,96.3,0.2,1.0,96.1,0.5977729956309,0.0,0.0021321961088556505
128,128,0.88,0.98,0.7,0.7,2,0.7,4,0.0017094017094016999,0.1,1.1,72.8,0.2,0.9,72.6,0.2426920831203461,0.00123057211749255,0.002127659521502932
128,128,0.88,0.98,1.0,0.7,0,0.7,1,0.0,0.0,0.0,109.6,0.0,0.0,109.6,0.0,0.0,0.0
128,128,0.88,0.98,1.0,0.7,0,0.7,2,0.0,0.0,0.0,109.6,0.0,0.0,109.6,0.0,0.0,0.0
128,128,0.88,0.98,1.0,0.7,0,0.7,4,0.0,0.0,0.0,109.6,0.0,0.0,109.6,0.0,0.0,0.0
128,128,0.88,0.98,1.0,0.7,1,0.7,1,0.0,0.0,0.1,11.2,0.0,0.1,11.2,0.0,0.0,0.0
128,128,0.88,0.98,1.0,0.7,1,0.7,2,0.0,0.0,0.1,11.2,0.0,0.1,11.2,0.0,0.0,0.0
128,128,0.88,0.98,1.0,0.7,1,0.7,4,0.0,0.0,0.1,11.2,0.0,0.1,11.2,0.0,0.0,0.0
128,128,0.88,0.98,1.0,0.7,2,0.7,1,0.0,0.0,0.2,23.4,0.0,0.2,23.4,0.0,0.0,0.0
128,128,0.88,0.98,1.0,0.7,2,0.7,2,0.0,0.0,0.2,23.4,0.0,0.2,23.4,0.0,0.0,0.0
128,128,0.88,0.98,1.0,0.7,2,0.7,4,0.0,0.0,0.1,11.2,0.0,0.1,11.2,0.0,0.0,0.0
128,128,0.88,0.98,1.3,0.7,0,0.7,1,0.0,0.0,0.0,109.6,0.0,0.0,109.6,0.0,0.0,0.0
128,128,0.88,0.98,1.3,0.7,0,0.7,2,0.0,0.0,0.0,109.6,0.0,0.0,109.6,0.0,0.0,0.0
128,128,0.88,0.98,1.3,0.7,0,0.7,4,0.0,0.0,0.0,109.6,0.0,0.0,109.6,0.0,0.0,0.0
128,128,0.88,0.98,1.3,0.7,1,0.7,1,0.0,0.0,0.0,0.0,0.0,0.0,0.0,0.0,0.0,0.0
128,128,0.88,0.98,1.3,0.7,1,0.7,2,0.0,0.0,0.0,0.0,0.0,0.0,0.0,0.0,0.0,0.0
128,128,0.88,0.98,1.3,0.7,1,0.7,4,0.0,0.0,0.0,0.0,0.0,0.0,0.0,0.0,0.0,0.0
128,128,0.88,0.98,1.3,0.7,2,0.7,1,0.0,0.0,0.0,0.0,0.0,0.0,0.0,0.0,0.0,0.0
128,128,0.88,0.98,1.3,0.7,2,0.7,2,0.0,0.0,0.0,0.0,0.0,0.0,0.0,0.0,0.0,0.0
128,128,0.88,0.98,1.3,0.7,2,0.7,4,0.0,0.0,0.0,0.0,0.0,0.0,0.0,0.0,0.0,0.0
